https://pantip.com/topic/38023265,82
https://pantip.com/topic/38021285,97
https://pantip.com/topic/38001284,114
https://pantip.com/topic/37986776,88
https://pantip.com/topic/37986090,84
https://pantip.com/topic/37985946,148
https://pantip.com/topic/37980093,158
https://pantip.com/topic/37970842,98
https://pantip.com/topic/37962318,71
https://pantip.com/topic/37953552,120
https://pantip.com/topic/37945639,200
https://pantip.com/topic/37942369,156
https://pantip.com/topic/37936068,72
https://pantip.com/topic/37922906,76
https://pantip.com/topic/37913507,119
https://pantip.com/topic/37912473,86
https://pantip.com/topic/37901823,80
https://pantip.com/topic/37886268,72
https://pantip.com/topic/37880294,122
https://pantip.com/topic/37871706,149
https://pantip.com/topic/37871389,150
https://pantip.com/topic/37854100,97
https://pantip.com/topic/37847025,98
https://pantip.com/topic/37845090,127
https://pantip.com/topic/37839191,133
https://pantip.com/topic/37835775,73
https://pantip.com/topic/37829364,145
https://pantip.com/topic/37829114,84
https://pantip.com/topic/37827196,155
https://pantip.com/topic/37826983,83
https://pantip.com/topic/37823050,70
https://pantip.com/topic/37818683,79
https://pantip.com/topic/37816231,73
https://pantip.com/topic/37811026,129
https://pantip.com/topic/37805119,73
https://pantip.com/topic/37804948,90
https://pantip.com/topic/37804308,78
https://pantip.com/topic/37788679,159
https://pantip.com/topic/37785601,101
https://pantip.com/topic/37778644,75
https://pantip.com/topic/37772284,183
https://pantip.com/topic/37771352,80
https://pantip.com/topic/37766825,74
https://pantip.com/topic/37764604,109
https://pantip.com/topic/37746428,99
https://pantip.com/topic/37738078,162
https://pantip.com/topic/37705922,81
https://pantip.com/topic/37699081,96
https://pantip.com/topic/37682498,109
https://pantip.com/topic/37664490,978
https://pantip.com/topic/37663527,91
https://pantip.com/topic/37618913,73
https://pantip.com/topic/37596163,101
https://pantip.com/topic/37594841,99
https://pantip.com/topic/37577803,90
https://pantip.com/topic/37571814,110
https://pantip.com/topic/37567986,97
https://pantip.com/topic/37565352,141
https://pantip.com/topic/37563379,132
https://pantip.com/topic/37561163,83
https://pantip.com/topic/37560247,160
https://pantip.com/topic/37550010,77
https://pantip.com/topic/37549878,175
https://pantip.com/topic/37539150,91
https://pantip.com/topic/37494129,74
https://pantip.com/topic/37482666,175
https://pantip.com/topic/37448529,76
https://pantip.com/topic/37444996,99
https://pantip.com/topic/37443047,101
https://pantip.com/topic/37437929,91
https://pantip.com/topic/37436608,82
https://pantip.com/topic/37428962,114
https://pantip.com/topic/37423630,115
https://pantip.com/topic/37414205,97
https://pantip.com/topic/37399388,188
https://pantip.com/topic/37394961,108
https://pantip.com/topic/37392109,80
https://pantip.com/topic/37390200,126
https://pantip.com/topic/37389207,192
https://pantip.com/topic/37361376,79
https://pantip.com/topic/37357043,119
https://pantip.com/topic/37354692,79
https://pantip.com/topic/37354608,116
https://pantip.com/topic/37352495,327
https://pantip.com/topic/37338284,72
https://pantip.com/topic/37332153,116
https://pantip.com/topic/37323289,75
https://pantip.com/topic/37315674,211
https://pantip.com/topic/37314261,73
https://pantip.com/topic/37302327,70
https://pantip.com/topic/37288042,114
https://pantip.com/topic/37286724,122
https://pantip.com/topic/37275639,70
https://pantip.com/topic/37275623,76
https://pantip.com/topic/37251416,239
https://pantip.com/topic/37237517,83
https://pantip.com/topic/37236247,83
https://pantip.com/topic/37234065,110
https://pantip.com/topic/37221149,176
https://pantip.com/topic/37216093,96
https://pantip.com/topic/37198423,74
https://pantip.com/topic/37190243,91
https://pantip.com/topic/37185809,136
https://pantip.com/topic/37179049,76
https://pantip.com/topic/37178160,143
https://pantip.com/topic/37170757,100
https://pantip.com/topic/37166657,108
https://pantip.com/topic/37164636,81
https://pantip.com/topic/37159719,87
https://pantip.com/topic/37155478,109
https://pantip.com/topic/37152696,73
https://pantip.com/topic/37151967,75
https://pantip.com/topic/37151551,109
https://pantip.com/topic/37150002,88
https://pantip.com/topic/37146264,86
https://pantip.com/topic/37143753,76
https://pantip.com/topic/37140340,90
https://pantip.com/topic/37133463,92
https://pantip.com/topic/37129187,93
https://pantip.com/topic/37126473,79
https://pantip.com/topic/37110823,98
https://pantip.com/topic/37109635,166
https://pantip.com/topic/37105590,81
https://pantip.com/topic/37103365,76
https://pantip.com/topic/37100715,219
https://pantip.com/topic/37089997,98
https://pantip.com/topic/37071316,90
https://pantip.com/topic/37039505,103
https://pantip.com/topic/37015901,71
https://pantip.com/topic/37012421,111
https://pantip.com/topic/37006646,103
https://pantip.com/topic/37000219,75
https://pantip.com/topic/36995894,108
https://pantip.com/topic/36994338,71
https://pantip.com/topic/36988315,90
https://pantip.com/topic/36979745,103
https://pantip.com/topic/36964622,149
https://pantip.com/topic/36961359,164
https://pantip.com/topic/36955035,87
https://pantip.com/topic/36948773,94
https://pantip.com/topic/36912739,182
https://pantip.com/topic/36901368,83
https://pantip.com/topic/36895240,129
https://pantip.com/topic/36895210,122
https://pantip.com/topic/36880153,79
https://pantip.com/topic/36868489,185
https://pantip.com/topic/36865415,95
https://pantip.com/topic/36853459,162
https://pantip.com/topic/36846878,87
https://pantip.com/topic/36843170,136
https://pantip.com/topic/36830501,189
https://pantip.com/topic/36821879,73
https://pantip.com/topic/36792323,272
https://pantip.com/topic/36791287,126
https://pantip.com/topic/36788114,76
https://pantip.com/topic/36780382,75
https://pantip.com/topic/36767337,155
https://pantip.com/topic/36766411,136
https://pantip.com/topic/36754688,113
https://pantip.com/topic/36750706,217
https://pantip.com/topic/36731378,80
https://pantip.com/topic/36723975,104
https://pantip.com/topic/36714949,75
https://pantip.com/topic/36712689,76
https://pantip.com/topic/36708340,100
https://pantip.com/topic/36692587,440
https://pantip.com/topic/36691970,297
https://pantip.com/topic/36690795,88
https://pantip.com/topic/36680870,79
https://pantip.com/topic/36675004,80
https://pantip.com/topic/36670082,90
https://pantip.com/topic/36668853,83
https://pantip.com/topic/36667413,81
https://pantip.com/topic/36663225,105
https://pantip.com/topic/36661329,78
https://pantip.com/topic/36660471,137
https://pantip.com/topic/36660061,84
https://pantip.com/topic/36656468,146
https://pantip.com/topic/36654828,195
https://pantip.com/topic/36649233,91
https://pantip.com/topic/36647016,137
https://pantip.com/topic/36646276,110
https://pantip.com/topic/36640839,97
https://pantip.com/topic/36639307,91
https://pantip.com/topic/36634264,415
https://pantip.com/topic/36632608,199
https://pantip.com/topic/36629730,119
https://pantip.com/topic/36624118,147
https://pantip.com/topic/36618075,224
https://pantip.com/topic/36614770,103
https://pantip.com/topic/36613312,381
https://pantip.com/topic/36599423,72
https://pantip.com/topic/36595014,83
https://pantip.com/topic/36578957,130
https://pantip.com/topic/36577146,139
https://pantip.com/topic/36563770,79
https://pantip.com/topic/36556581,150
https://pantip.com/topic/36548666,71
https://pantip.com/topic/36545122,275
https://pantip.com/topic/36544168,148
https://pantip.com/topic/36542421,88
https://pantip.com/topic/36540034,104
https://pantip.com/topic/36538419,210
https://pantip.com/topic/36538334,274
https://pantip.com/topic/36536475,139
https://pantip.com/topic/36525467,117
https://pantip.com/topic/36515726,72
https://pantip.com/topic/36515428,78
https://pantip.com/topic/36514655,149
https://pantip.com/topic/36512213,71
https://pantip.com/topic/36511920,137
https://pantip.com/topic/36504403,177
https://pantip.com/topic/36502470,293
https://pantip.com/topic/36492583,76
https://pantip.com/topic/36481643,80
https://pantip.com/topic/36470778,109
https://pantip.com/topic/36470384,178
https://pantip.com/topic/36468501,232
https://pantip.com/topic/36458197,140
https://pantip.com/topic/36453417,106
https://pantip.com/topic/36450864,281
https://pantip.com/topic/36448856,73
https://pantip.com/topic/36445517,138
https://pantip.com/topic/36431853,73
https://pantip.com/topic/36423907,125
https://pantip.com/topic/36421535,97
https://pantip.com/topic/36419653,82
https://pantip.com/topic/36417816,90
https://pantip.com/topic/36416981,88
https://pantip.com/topic/36416440,77
https://pantip.com/topic/36415823,140
https://pantip.com/topic/36412734,76
https://pantip.com/topic/36393771,101
https://pantip.com/topic/36392664,105
https://pantip.com/topic/36389778,149
https://pantip.com/topic/36388086,104
https://pantip.com/topic/36379822,89
https://pantip.com/topic/36379634,152
https://pantip.com/topic/36377888,110
https://pantip.com/topic/36375573,90
https://pantip.com/topic/36369938,233
https://pantip.com/topic/36368222,80
https://pantip.com/topic/36363383,115
https://pantip.com/topic/36360414,71
https://pantip.com/topic/36356928,116
https://pantip.com/topic/36355204,130
https://pantip.com/topic/36345213,100
https://pantip.com/topic/36344762,182
https://pantip.com/topic/36340079,154
https://pantip.com/topic/36336881,222
https://pantip.com/topic/36324637,120
https://pantip.com/topic/36321822,209
https://pantip.com/topic/36321425,99
https://pantip.com/topic/36289227,278
https://pantip.com/topic/36284723,80
https://pantip.com/topic/36284447,245
https://pantip.com/topic/36283331,70
https://pantip.com/topic/36280062,177
https://pantip.com/topic/36270818,134
https://pantip.com/topic/36264118,185
https://pantip.com/topic/36261097,80
https://pantip.com/topic/36259578,161
https://pantip.com/topic/36255364,96
https://pantip.com/topic/36250757,92
https://pantip.com/topic/36250693,121
https://pantip.com/topic/36244474,117
https://pantip.com/topic/36242976,113
https://pantip.com/topic/36235556,83
https://pantip.com/topic/36229590,132
https://pantip.com/topic/36224557,116
https://pantip.com/topic/36215834,75
https://pantip.com/topic/36199007,91
https://pantip.com/topic/36184611,125
https://pantip.com/topic/36180244,250
https://pantip.com/topic/36179021,196
https://pantip.com/topic/36174164,117
https://pantip.com/topic/36172195,186
https://pantip.com/topic/36160621,79
https://pantip.com/topic/36157511,72
https://pantip.com/topic/36141998,104
https://pantip.com/topic/36141556,167
https://pantip.com/topic/36131273,118
https://pantip.com/topic/36128575,167
https://pantip.com/topic/36114246,85
https://pantip.com/topic/36108048,130
https://pantip.com/topic/36097119,116
https://pantip.com/topic/36096944,76
https://pantip.com/topic/36096154,136
https://pantip.com/topic/36095391,115
https://pantip.com/topic/36094570,128
https://pantip.com/topic/36093295,240
https://pantip.com/topic/36092562,87
https://pantip.com/topic/36092465,158
https://pantip.com/topic/36088380,134
https://pantip.com/topic/36088330,125
https://pantip.com/topic/36087831,861
https://pantip.com/topic/36085575,144
https://pantip.com/topic/36082781,363
https://pantip.com/topic/36072295,326
https://pantip.com/topic/36069494,71
https://pantip.com/topic/36068134,108
https://pantip.com/topic/36067943,78
https://pantip.com/topic/36066282,164
https://pantip.com/topic/36054772,122
https://pantip.com/topic/36048210,82
https://pantip.com/topic/36036832,188
https://pantip.com/topic/36036359,140
https://pantip.com/topic/36029598,204
https://pantip.com/topic/36021853,97
https://pantip.com/topic/36021042,89
https://pantip.com/topic/36010818,74
https://pantip.com/topic/36009366,132
https://pantip.com/topic/36003933,88
https://pantip.com/topic/36003822,182
https://pantip.com/topic/36000792,200
https://pantip.com/topic/35987630,83
https://pantip.com/topic/35985047,140
https://pantip.com/topic/35984050,154
https://pantip.com/topic/35981354,135
https://pantip.com/topic/35979061,90
https://pantip.com/topic/35976402,134
https://pantip.com/topic/35974300,80
https://pantip.com/topic/35974114,97
https://pantip.com/topic/35972292,208
https://pantip.com/topic/35970437,83
https://pantip.com/topic/35968188,103
https://pantip.com/topic/35967800,92
https://pantip.com/topic/35967800,92
https://pantip.com/topic/35965526,353
https://pantip.com/topic/35964522,313
https://pantip.com/topic/35962231,217
https://pantip.com/topic/35956612,140
https://pantip.com/topic/35954057,104
https://pantip.com/topic/35952637,485
https://pantip.com/topic/35938484,101
https://pantip.com/topic/35934798,282
https://pantip.com/topic/35934189,227
https://pantip.com/topic/35934078,136
https://pantip.com/topic/35928326,190
https://pantip.com/topic/35928243,308
https://pantip.com/topic/35927005,179
https://pantip.com/topic/35926963,203
https://pantip.com/topic/35925476,81
https://pantip.com/topic/35923717,137
https://pantip.com/topic/35923255,104
https://pantip.com/topic/35917937,221
https://pantip.com/topic/35914379,79
https://pantip.com/topic/35913116,74
https://pantip.com/topic/35910244,149
https://pantip.com/topic/35906196,100
https://pantip.com/topic/35903874,118
https://pantip.com/topic/35902365,90
https://pantip.com/topic/35891017,136
https://pantip.com/topic/35889507,78
https://pantip.com/topic/35886838,89
https://pantip.com/topic/35884232,84
https://pantip.com/topic/35883314,481
https://pantip.com/topic/35876274,79
https://pantip.com/topic/35871371,155
https://pantip.com/topic/35867173,164
https://pantip.com/topic/35866634,174
https://pantip.com/topic/35865704,71
https://pantip.com/topic/35863209,134
https://pantip.com/topic/35860546,104
https://pantip.com/topic/35859060,205
https://pantip.com/topic/35858498,84
https://pantip.com/topic/35855265,109
https://pantip.com/topic/35855139,119
https://pantip.com/topic/35854891,173
https://pantip.com/topic/35851312,174
https://pantip.com/topic/35838003,95
https://pantip.com/topic/35837309,93
https://pantip.com/topic/35837256,402
https://pantip.com/topic/35833864,118
https://pantip.com/topic/35831095,206
https://pantip.com/topic/35828454,151
https://pantip.com/topic/35826803,191
https://pantip.com/topic/35825699,85
https://pantip.com/topic/35824808,146
https://pantip.com/topic/35820234,90
https://pantip.com/topic/35820176,80
https://pantip.com/topic/35804519,75
https://pantip.com/topic/35799328,87
https://pantip.com/topic/35798971,77
https://pantip.com/topic/35794583,106
https://pantip.com/topic/35788359,124
https://pantip.com/topic/35785496,71
https://pantip.com/topic/35784552,87
https://pantip.com/topic/35782563,83
https://pantip.com/topic/35780782,224
https://pantip.com/topic/35779454,103
https://pantip.com/topic/35779198,73
https://pantip.com/topic/35766901,139
https://pantip.com/topic/35762732,135
https://pantip.com/topic/35761971,77
https://pantip.com/topic/35758209,149
https://pantip.com/topic/35755752,101
https://pantip.com/topic/35744761,93
https://pantip.com/topic/35738757,241
https://pantip.com/topic/35735503,87
https://pantip.com/topic/35735207,213
https://pantip.com/topic/35731969,262
https://pantip.com/topic/35722204,83
https://pantip.com/topic/35716819,146
https://pantip.com/topic/35716054,79
https://pantip.com/topic/35694687,97
https://pantip.com/topic/35693375,142
https://pantip.com/topic/35690820,205
https://pantip.com/topic/35688903,73
https://pantip.com/topic/35678330,121
https://pantip.com/topic/35678142,72
https://pantip.com/topic/35671622,104
https://pantip.com/topic/35669357,217
https://pantip.com/topic/35668558,177
https://pantip.com/topic/35667450,169
https://pantip.com/topic/35666351,73
https://pantip.com/topic/35664581,149
https://pantip.com/topic/35659406,76
https://pantip.com/topic/35655334,82
https://pantip.com/topic/35653783,87
https://pantip.com/topic/35649302,76
https://pantip.com/topic/35648864,85
https://pantip.com/topic/35633266,85
https://pantip.com/topic/35632181,229
https://pantip.com/topic/35621818,132
https://pantip.com/topic/35619844,95
https://pantip.com/topic/35618940,199
https://pantip.com/topic/35616370,153
https://pantip.com/topic/35613135,94
https://pantip.com/topic/35607054,95
https://pantip.com/topic/35604257,113
https://pantip.com/topic/35592119,96
https://pantip.com/topic/35587802,97
https://pantip.com/topic/35585559,74
https://pantip.com/topic/35584322,137
https://pantip.com/topic/35583530,106
https://pantip.com/topic/35582623,109
https://pantip.com/topic/35582449,311
https://pantip.com/topic/35577957,71
https://pantip.com/topic/35575975,70
https://pantip.com/topic/35575727,120
https://pantip.com/topic/35574943,159
https://pantip.com/topic/35571812,101
https://pantip.com/topic/35571783,157
https://pantip.com/topic/35569178,82
https://pantip.com/topic/35565857,1216
https://pantip.com/topic/35562208,272
https://pantip.com/topic/35552260,147
https://pantip.com/topic/35550295,72
https://pantip.com/topic/35549529,119
https://pantip.com/topic/35546307,136
https://pantip.com/topic/35544026,489
https://pantip.com/topic/35543122,200
https://pantip.com/topic/35541522,71
https://pantip.com/topic/35540602,85
https://pantip.com/topic/35536917,142
https://pantip.com/topic/35536144,237
https://pantip.com/topic/35533999,81
https://pantip.com/topic/35529340,217
https://pantip.com/topic/35525424,132
https://pantip.com/topic/35522238,81
https://pantip.com/topic/35520068,118
https://pantip.com/topic/35519446,104
https://pantip.com/topic/35513384,199
https://pantip.com/topic/35502815,102
https://pantip.com/topic/35502351,82
https://pantip.com/topic/35498858,134
https://pantip.com/topic/35493579,99
https://pantip.com/topic/35492923,102
https://pantip.com/topic/35488039,181
https://pantip.com/topic/35487800,84
https://pantip.com/topic/35487341,151
https://pantip.com/topic/35484032,139
https://pantip.com/topic/35481526,222
https://pantip.com/topic/35479086,71
https://pantip.com/topic/35477250,91
https://pantip.com/topic/35475529,258
https://pantip.com/topic/35474211,85
https://pantip.com/topic/35472300,110
https://pantip.com/topic/35467787,99
https://pantip.com/topic/35459550,83
https://pantip.com/topic/35458374,208
https://pantip.com/topic/35457548,150
https://pantip.com/topic/35457319,132
https://pantip.com/topic/35456583,89
https://pantip.com/topic/35452671,78
https://pantip.com/topic/35449541,82
https://pantip.com/topic/35447241,100
https://pantip.com/topic/35444351,176
https://pantip.com/topic/35441784,104
https://pantip.com/topic/35440875,129
https://pantip.com/topic/35436850,174
https://pantip.com/topic/35435308,208
https://pantip.com/topic/35431767,129
https://pantip.com/topic/35431618,142
https://pantip.com/topic/35430743,109
https://pantip.com/topic/35426276,171
https://pantip.com/topic/35419147,76
https://pantip.com/topic/35418870,207
https://pantip.com/topic/35417017,225
https://pantip.com/topic/35407026,95
https://pantip.com/topic/35405955,217
https://pantip.com/topic/35402504,116
https://pantip.com/topic/35400685,81
https://pantip.com/topic/35393615,146
https://pantip.com/topic/35391347,94
https://pantip.com/topic/35390647,147
https://pantip.com/topic/35389504,150
https://pantip.com/topic/35386046,199
https://pantip.com/topic/35385861,99
https://pantip.com/topic/35385246,78
https://pantip.com/topic/35376178,264
https://pantip.com/topic/35366074,165
https://pantip.com/topic/35362032,327
https://pantip.com/topic/35361150,182
https://pantip.com/topic/35360402,202
https://pantip.com/topic/35356138,200
https://pantip.com/topic/35351149,456
https://pantip.com/topic/35342673,116
https://pantip.com/topic/35338844,81
https://pantip.com/topic/35336018,201
https://pantip.com/topic/35330097,105
https://pantip.com/topic/35329053,773
https://pantip.com/topic/35326017,215
https://pantip.com/topic/35321665,275
https://pantip.com/topic/35318340,78
https://pantip.com/topic/35306489,160
https://pantip.com/topic/35306020,207
https://pantip.com/topic/35305862,788
https://pantip.com/topic/35298783,78
https://pantip.com/topic/35293486,76
https://pantip.com/topic/35288788,209
https://pantip.com/topic/35287126,145
https://pantip.com/topic/35286982,72
https://pantip.com/topic/35286099,177
https://pantip.com/topic/35284311,75
https://pantip.com/topic/35281884,113
https://pantip.com/topic/35270245,142
https://pantip.com/topic/35266457,116
https://pantip.com/topic/35265677,131
https://pantip.com/topic/35264433,321
https://pantip.com/topic/35255247,86
https://pantip.com/topic/35253946,150
https://pantip.com/topic/35250443,125
https://pantip.com/topic/35249473,73
https://pantip.com/topic/35245417,131
https://pantip.com/topic/35244247,85
https://pantip.com/topic/35243262,80
https://pantip.com/topic/35241703,142
https://pantip.com/topic/35241423,200
https://pantip.com/topic/35238000,125
https://pantip.com/topic/35236716,75
https://pantip.com/topic/35234715,95
https://pantip.com/topic/35228580,121
https://pantip.com/topic/35226832,103
https://pantip.com/topic/35226013,104
https://pantip.com/topic/35223656,125
https://pantip.com/topic/35223305,87
https://pantip.com/topic/35219985,131
https://pantip.com/topic/35219493,335
https://pantip.com/topic/35216653,87
https://pantip.com/topic/35215780,133
https://pantip.com/topic/35205923,199
https://pantip.com/topic/35203722,84
https://pantip.com/topic/35197491,181
https://pantip.com/topic/35195094,103
https://pantip.com/topic/35194114,95
https://pantip.com/topic/35193774,171
https://pantip.com/topic/35190051,79
https://pantip.com/topic/35189821,139
https://pantip.com/topic/35185748,154
https://pantip.com/topic/35184017,141
https://pantip.com/topic/35176242,80
https://pantip.com/topic/35171526,142
https://pantip.com/topic/35170803,172
https://pantip.com/topic/35161793,117
https://pantip.com/topic/35161545,144
https://pantip.com/topic/35160755,270
https://pantip.com/topic/35158246,152
https://pantip.com/topic/35156721,130
https://pantip.com/topic/35154191,192
https://pantip.com/topic/35152001,163
https://pantip.com/topic/35147813,116
https://pantip.com/topic/35140330,152
https://pantip.com/topic/35140027,94
https://pantip.com/topic/35136672,124
https://pantip.com/topic/35131503,116
https://pantip.com/topic/35129098,370
https://pantip.com/topic/35128181,143
https://pantip.com/topic/35128052,259
https://pantip.com/topic/35127479,150
https://pantip.com/topic/35125254,103
https://pantip.com/topic/35122953,155
https://pantip.com/topic/35120906,117
https://pantip.com/topic/35120779,262
https://pantip.com/topic/35119173,787
https://pantip.com/topic/35118853,102
https://pantip.com/topic/35114970,162
https://pantip.com/topic/35113809,97
https://pantip.com/topic/35113269,80
https://pantip.com/topic/35113219,116
https://pantip.com/topic/35112797,92
https://pantip.com/topic/35111483,169
https://pantip.com/topic/35105331,72
https://pantip.com/topic/35104909,133
https://pantip.com/topic/35103610,74
https://pantip.com/topic/35102583,113
https://pantip.com/topic/35097335,115
https://pantip.com/topic/35095996,282
https://pantip.com/topic/35095196,143
https://pantip.com/topic/35091658,170
https://pantip.com/topic/35088683,108
https://pantip.com/topic/35085931,163
https://pantip.com/topic/35081046,124
https://pantip.com/topic/35076788,160
https://pantip.com/topic/35076681,202
https://pantip.com/topic/35074339,184
https://pantip.com/topic/35072738,70
https://pantip.com/topic/35071654,444
https://pantip.com/topic/35067871,108
https://pantip.com/topic/35065141,79
https://pantip.com/topic/35060361,81
https://pantip.com/topic/35052133,182
https://pantip.com/topic/35050855,114
https://pantip.com/topic/35050110,98
https://pantip.com/topic/35039382,119
https://pantip.com/topic/35038999,147
https://pantip.com/topic/35038124,74
https://pantip.com/topic/35035985,111
https://pantip.com/topic/35035438,73
https://pantip.com/topic/35033153,151
https://pantip.com/topic/35032555,103
https://pantip.com/topic/35031140,70
https://pantip.com/topic/35030127,128
https://pantip.com/topic/35028323,131
https://pantip.com/topic/35028092,88
https://pantip.com/topic/35026461,80
https://pantip.com/topic/35023344,277
https://pantip.com/topic/35020848,140
https://pantip.com/topic/35019184,81
https://pantip.com/topic/35017424,110
https://pantip.com/topic/35016407,78
https://pantip.com/topic/35010995,307
https://pantip.com/topic/35009522,112
https://pantip.com/topic/35004466,88
https://pantip.com/topic/35002550,91
https://pantip.com/topic/34989635,204
https://pantip.com/topic/34987601,88
https://pantip.com/topic/34986633,108
https://pantip.com/topic/34986283,136
https://pantip.com/topic/34978553,113
https://pantip.com/topic/34964945,72
https://pantip.com/topic/34959209,181
https://pantip.com/topic/34957215,152
https://pantip.com/topic/34955934,441
https://pantip.com/topic/34955550,205
https://pantip.com/topic/34953970,93
https://pantip.com/topic/34953161,99
https://pantip.com/topic/34949524,85
https://pantip.com/topic/34949084,137
https://pantip.com/topic/34941279,95
https://pantip.com/topic/34940411,146
https://pantip.com/topic/34938957,152
https://pantip.com/topic/34935334,200
https://pantip.com/topic/34925912,80
https://pantip.com/topic/34925491,140
https://pantip.com/topic/34922063,72
https://pantip.com/topic/34921623,110
https://pantip.com/topic/34916375,142
https://pantip.com/topic/34914110,72
https://pantip.com/topic/34911588,419
https://pantip.com/topic/34910796,102
https://pantip.com/topic/34910042,148
https://pantip.com/topic/34906905,96
https://pantip.com/topic/34902657,89
https://pantip.com/topic/34897703,439
https://pantip.com/topic/34896311,146
https://pantip.com/topic/34895001,111
https://pantip.com/topic/34893995,73
https://pantip.com/topic/34891539,87
https://pantip.com/topic/34888353,117
https://pantip.com/topic/34880362,89
https://pantip.com/topic/34877794,228
https://pantip.com/topic/34871750,74
https://pantip.com/topic/34868110,149
https://pantip.com/topic/34866842,366
https://pantip.com/topic/34862016,86
https://pantip.com/topic/34856834,78
https://pantip.com/topic/34843855,70
https://pantip.com/topic/34842806,197
https://pantip.com/topic/34841244,75
https://pantip.com/topic/34840058,184
https://pantip.com/topic/34836455,91
https://pantip.com/topic/34834631,117
https://pantip.com/topic/34831914,127
https://pantip.com/topic/34831718,345
https://pantip.com/topic/34830858,120
https://pantip.com/topic/34829816,152
https://pantip.com/topic/34827180,74
https://pantip.com/topic/34826516,103
https://pantip.com/topic/34824282,200
https://pantip.com/topic/34818145,142
https://pantip.com/topic/34815467,161
https://pantip.com/topic/34815210,85
https://pantip.com/topic/34812024,155
https://pantip.com/topic/34808073,100
https://pantip.com/topic/34805118,87
https://pantip.com/topic/34797780,103
https://pantip.com/topic/34794570,106
https://pantip.com/topic/34792435,184
https://pantip.com/topic/34778779,83
https://pantip.com/topic/34778582,189
https://pantip.com/topic/34771111,219
https://pantip.com/topic/34765310,258
https://pantip.com/topic/34759188,147
https://pantip.com/topic/34756859,132
https://pantip.com/topic/34755358,70
https://pantip.com/topic/34753459,76
https://pantip.com/topic/34749917,124
https://pantip.com/topic/34740554,75
https://pantip.com/topic/34732741,94
https://pantip.com/topic/34731907,203
https://pantip.com/topic/34726358,95
https://pantip.com/topic/34725204,860
https://pantip.com/topic/34720523,194
https://pantip.com/topic/34718701,120
https://pantip.com/topic/34717656,162
https://pantip.com/topic/34715690,110
https://pantip.com/topic/34714207,95
https://pantip.com/topic/34711260,155
https://pantip.com/topic/34706424,201
https://pantip.com/topic/34701601,84
https://pantip.com/topic/34698348,101
https://pantip.com/topic/34680662,283
https://pantip.com/topic/34677403,148
https://pantip.com/topic/34666851,398
https://pantip.com/topic/34658601,78
https://pantip.com/topic/34653359,94
https://pantip.com/topic/34649106,119
https://pantip.com/topic/34635900,157
https://pantip.com/topic/34627391,99
https://pantip.com/topic/34626755,107
https://pantip.com/topic/34620739,82
https://pantip.com/topic/34605656,326
https://pantip.com/topic/34597139,88
https://pantip.com/topic/34596764,111
https://pantip.com/topic/34595375,228
https://pantip.com/topic/34594432,210
https://pantip.com/topic/34591281,130
https://pantip.com/topic/34578364,97
https://pantip.com/topic/34574623,71
https://pantip.com/topic/34566310,240
https://pantip.com/topic/34556261,107
https://pantip.com/topic/34553981,202
https://pantip.com/topic/34527014,246
https://pantip.com/topic/34526393,101
https://pantip.com/topic/34525872,186
https://pantip.com/topic/34523185,107
https://pantip.com/topic/34523053,123
https://pantip.com/topic/34522975,70
https://pantip.com/topic/34518457,107
https://pantip.com/topic/34517857,263
https://pantip.com/topic/34516858,448
https://pantip.com/topic/34508923,160
https://pantip.com/topic/34498651,89
https://pantip.com/topic/34497355,162
https://pantip.com/topic/34494750,72
https://pantip.com/topic/34494284,80
https://pantip.com/topic/34489018,223
https://pantip.com/topic/34485436,86
https://pantip.com/topic/34483086,87
https://pantip.com/topic/34482823,96
https://pantip.com/topic/34481418,108
https://pantip.com/topic/34476535,117
https://pantip.com/topic/34476534,186
https://pantip.com/topic/34470576,307
https://pantip.com/topic/34468831,89
https://pantip.com/topic/34461594,184
https://pantip.com/topic/34458452,72
https://pantip.com/topic/34458085,108
https://pantip.com/topic/34456155,78
https://pantip.com/topic/34449509,149
https://pantip.com/topic/34445352,125
https://pantip.com/topic/34443854,122
https://pantip.com/topic/34443522,111
https://pantip.com/topic/34437214,70
https://pantip.com/topic/34433850,122
https://pantip.com/topic/34428702,71
https://pantip.com/topic/34423803,161
https://pantip.com/topic/34417350,123
https://pantip.com/topic/34416956,82
https://pantip.com/topic/34416593,215
https://pantip.com/topic/34415992,112
https://pantip.com/topic/34409796,161
https://pantip.com/topic/34399650,352
https://pantip.com/topic/34398960,842
https://pantip.com/topic/34398718,311
https://pantip.com/topic/34393653,190
https://pantip.com/topic/34386430,161
https://pantip.com/topic/34383321,102
https://pantip.com/topic/34382712,639
https://pantip.com/topic/34373295,101
https://pantip.com/topic/34371754,216
https://pantip.com/topic/34369609,109
https://pantip.com/topic/34354737,247
https://pantip.com/topic/34341257,128
https://pantip.com/topic/34338846,575
https://pantip.com/topic/34338282,142
https://pantip.com/topic/34337900,76
https://pantip.com/topic/34337678,223
https://pantip.com/topic/34334228,88
https://pantip.com/topic/34331466,237
https://pantip.com/topic/34316733,117
https://pantip.com/topic/34314479,372
https://pantip.com/topic/34311249,74
https://pantip.com/topic/34305262,107
https://pantip.com/topic/34303022,147
https://pantip.com/topic/34292772,93
https://pantip.com/topic/34280168,98
https://pantip.com/topic/34278438,153
https://pantip.com/topic/34272203,94
https://pantip.com/topic/34261840,157
https://pantip.com/topic/34258743,74
https://pantip.com/topic/34251472,405
https://pantip.com/topic/34247791,171
https://pantip.com/topic/34244812,70
https://pantip.com/topic/34242629,87
https://pantip.com/topic/34240691,193
https://pantip.com/topic/34238395,118
https://pantip.com/topic/34236406,138
https://pantip.com/topic/34217952,80
https://pantip.com/topic/34191491,99
https://pantip.com/topic/34190870,82
https://pantip.com/topic/34190800,190
https://pantip.com/topic/34189556,89
https://pantip.com/topic/34187090,109
https://pantip.com/topic/34185495,165
https://pantip.com/topic/34181032,92
https://pantip.com/topic/34176251,146
https://pantip.com/topic/34175239,72
https://pantip.com/topic/34173216,82
https://pantip.com/topic/34171161,72
https://pantip.com/topic/34162150,76
https://pantip.com/topic/34161946,254
https://pantip.com/topic/34160556,87
https://pantip.com/topic/34159224,101
https://pantip.com/topic/34157802,116
https://pantip.com/topic/34154036,89
https://pantip.com/topic/34150923,70
https://pantip.com/topic/34143295,146
https://pantip.com/topic/34141281,114
https://pantip.com/topic/34133034,229
https://pantip.com/topic/34127822,142
https://pantip.com/topic/34120157,74
https://pantip.com/topic/34113003,74
https://pantip.com/topic/34111967,125
https://pantip.com/topic/34109372,119
https://pantip.com/topic/34109126,132
https://pantip.com/topic/34108224,86
https://pantip.com/topic/34105685,145
https://pantip.com/topic/34096842,267
https://pantip.com/topic/34096694,130
https://pantip.com/topic/34088769,94
https://pantip.com/topic/34085437,170
https://pantip.com/topic/34080612,106
https://pantip.com/topic/34072760,456
https://pantip.com/topic/34070736,77
https://pantip.com/topic/34070452,100
https://pantip.com/topic/34069087,196
https://pantip.com/topic/34068501,224
https://pantip.com/topic/34067915,928
https://pantip.com/topic/34055243,158
https://pantip.com/topic/34053576,174
https://pantip.com/topic/34049382,74
https://pantip.com/topic/34047666,113
https://pantip.com/topic/34046030,127
https://pantip.com/topic/34041178,151
https://pantip.com/topic/34037709,226
https://pantip.com/topic/34023416,146
https://pantip.com/topic/34016604,97
https://pantip.com/topic/34015043,299
https://pantip.com/topic/34006573,79
https://pantip.com/topic/34006303,117
https://pantip.com/topic/34002067,285
https://pantip.com/topic/34001821,128
https://pantip.com/topic/34001596,73
https://pantip.com/topic/33979312,628
https://pantip.com/topic/33975665,85
https://pantip.com/topic/33974926,145
https://pantip.com/topic/33971945,200
https://pantip.com/topic/33969550,72
https://pantip.com/topic/33967794,105
https://pantip.com/topic/33963973,81
https://pantip.com/topic/33963790,163
https://pantip.com/topic/33963723,99
https://pantip.com/topic/33963518,155
https://pantip.com/topic/33960579,165
https://pantip.com/topic/33955262,143
https://pantip.com/topic/33954273,139
https://pantip.com/topic/33949725,86
https://pantip.com/topic/33946380,105
https://pantip.com/topic/33945606,145
https://pantip.com/topic/33943832,102
https://pantip.com/topic/33938298,147
https://pantip.com/topic/33934216,198
https://pantip.com/topic/33932908,71
https://pantip.com/topic/33932655,305
https://pantip.com/topic/33923484,125
https://pantip.com/topic/33919718,175
https://pantip.com/topic/33919287,603
https://pantip.com/topic/33917002,205
https://pantip.com/topic/33912230,85
https://pantip.com/topic/33911172,268
https://pantip.com/topic/33903445,82
https://pantip.com/topic/33903404,75
https://pantip.com/topic/33901401,93
https://pantip.com/topic/33900283,113
https://pantip.com/topic/33883081,210
https://pantip.com/topic/33882772,103
https://pantip.com/topic/33880287,119
https://pantip.com/topic/33876671,94
https://pantip.com/topic/33874335,97
https://pantip.com/topic/33872981,240
https://pantip.com/topic/33868563,96
https://pantip.com/topic/33859642,149
https://pantip.com/topic/33859228,159
https://pantip.com/topic/33855823,96
https://pantip.com/topic/33855535,90
https://pantip.com/topic/33840460,111
https://pantip.com/topic/33838657,113
https://pantip.com/topic/33837031,110
https://pantip.com/topic/33836716,174
https://pantip.com/topic/33834821,110
https://pantip.com/topic/33834596,142
https://pantip.com/topic/33834131,137
https://pantip.com/topic/33833840,99
https://pantip.com/topic/33823819,83
https://pantip.com/topic/33819889,79
https://pantip.com/topic/33817799,278
https://pantip.com/topic/33815990,106
https://pantip.com/topic/33815699,91
https://pantip.com/topic/33809718,72
https://pantip.com/topic/33808057,90
https://pantip.com/topic/33805695,100
https://pantip.com/topic/33804529,77
https://pantip.com/topic/33804306,222
https://pantip.com/topic/33804094,121
https://pantip.com/topic/33796642,96
https://pantip.com/topic/33790006,84
https://pantip.com/topic/33789413,177
https://pantip.com/topic/33787433,130
https://pantip.com/topic/33782958,82
https://pantip.com/topic/33776339,97
https://pantip.com/topic/33769292,99
https://pantip.com/topic/33767963,334
https://pantip.com/topic/33767792,89
https://pantip.com/topic/33767375,236
https://pantip.com/topic/33766305,101
https://pantip.com/topic/33758501,85
https://pantip.com/topic/33757477,74
https://pantip.com/topic/33757134,89
https://pantip.com/topic/33754825,161
https://pantip.com/topic/33753815,100
https://pantip.com/topic/33749610,93
https://pantip.com/topic/33745027,80
https://pantip.com/topic/33739808,522
https://pantip.com/topic/33735128,100
https://pantip.com/topic/33732903,76
https://pantip.com/topic/33727484,120
https://pantip.com/topic/33726743,203
https://pantip.com/topic/33726323,213
https://pantip.com/topic/33725564,439
https://pantip.com/topic/33724517,154
https://pantip.com/topic/33722050,296
https://pantip.com/topic/33720076,91
https://pantip.com/topic/33718766,150
https://pantip.com/topic/33717966,141
https://pantip.com/topic/33717180,72
https://pantip.com/topic/33713394,195
https://pantip.com/topic/33708198,79
https://pantip.com/topic/33707728,78
https://pantip.com/topic/33707218,103
https://pantip.com/topic/33707217,83
https://pantip.com/topic/33705937,192
https://pantip.com/topic/33701850,251
https://pantip.com/topic/33699363,267
https://pantip.com/topic/33695654,93
https://pantip.com/topic/33690705,86
https://pantip.com/topic/33690609,125
https://pantip.com/topic/33690295,117
https://pantip.com/topic/33681379,275
https://pantip.com/topic/33681082,74
https://pantip.com/topic/33676244,92
https://pantip.com/topic/33675976,140
https://pantip.com/topic/33675926,96
https://pantip.com/topic/33675684,92
https://pantip.com/topic/33675211,82
https://pantip.com/topic/33669190,106
https://pantip.com/topic/33668073,117
https://pantip.com/topic/33667997,89
https://pantip.com/topic/33667871,83
https://pantip.com/topic/33667391,84
https://pantip.com/topic/33665354,198
https://pantip.com/topic/33664039,71
https://pantip.com/topic/33663002,350
https://pantip.com/topic/33661779,168
https://pantip.com/topic/33659367,241
https://pantip.com/topic/33658668,238
https://pantip.com/topic/33656159,76
https://pantip.com/topic/33652983,190
https://pantip.com/topic/33650019,86
https://pantip.com/topic/33647956,150
https://pantip.com/topic/33644778,140
https://pantip.com/topic/33641933,258
https://pantip.com/topic/33641234,121
https://pantip.com/topic/33640319,132
https://pantip.com/topic/33637020,116
https://pantip.com/topic/33630581,111
https://pantip.com/topic/33630132,119
https://pantip.com/topic/33629425,439
https://pantip.com/topic/33624781,86
https://pantip.com/topic/33619940,222
https://pantip.com/topic/33616572,147
https://pantip.com/topic/33614776,401
https://pantip.com/topic/33608797,657
https://pantip.com/topic/33608438,508
https://pantip.com/topic/33603902,73
https://pantip.com/topic/33603150,177
https://pantip.com/topic/33600075,195
https://pantip.com/topic/33596393,205
https://pantip.com/topic/33594164,116
https://pantip.com/topic/33593323,141
https://pantip.com/topic/33586816,211
https://pantip.com/topic/33580778,276
https://pantip.com/topic/33574927,135
https://pantip.com/topic/33571715,120
https://pantip.com/topic/33569115,127
https://pantip.com/topic/33568143,186
https://pantip.com/topic/33565496,130
https://pantip.com/topic/33563403,215
https://pantip.com/topic/33562192,78
https://pantip.com/topic/33554537,212
https://pantip.com/topic/33552156,109
https://pantip.com/topic/33547325,152
https://pantip.com/topic/33543686,159
https://pantip.com/topic/33534274,111
https://pantip.com/topic/33534195,176
https://pantip.com/topic/33532945,79
https://pantip.com/topic/33531872,168
https://pantip.com/topic/33530490,190
https://pantip.com/topic/33528943,82
https://pantip.com/topic/33528214,1752
https://pantip.com/topic/33524071,207
https://pantip.com/topic/33519671,85
https://pantip.com/topic/33519217,114
https://pantip.com/topic/33516736,376
https://pantip.com/topic/33511928,189
https://pantip.com/topic/33509379,207
https://pantip.com/topic/33506081,81
https://pantip.com/topic/33504455,116
https://pantip.com/topic/33503459,94
https://pantip.com/topic/33502778,474
https://pantip.com/topic/33496067,152
https://pantip.com/topic/33493581,92
https://pantip.com/topic/33493565,90
https://pantip.com/topic/33490472,496
https://pantip.com/topic/33485376,86
https://pantip.com/topic/33480227,73
https://pantip.com/topic/33479707,73
https://pantip.com/topic/33479603,100
https://pantip.com/topic/33477080,213
https://pantip.com/topic/33468666,134
https://pantip.com/topic/33467791,148
https://pantip.com/topic/33466585,130
https://pantip.com/topic/33455546,83
https://pantip.com/topic/33453197,118
https://pantip.com/topic/33452575,121
https://pantip.com/topic/33441729,113
https://pantip.com/topic/33440442,81
https://pantip.com/topic/33439217,242
https://pantip.com/topic/33433263,106
https://pantip.com/topic/33428646,70
https://pantip.com/topic/33427558,161
https://pantip.com/topic/33426061,111
https://pantip.com/topic/33425101,78
https://pantip.com/topic/33424827,121
https://pantip.com/topic/33419098,216
https://pantip.com/topic/33410806,129
https://pantip.com/topic/33398542,122
https://pantip.com/topic/33392918,72
https://pantip.com/topic/33388761,101
https://pantip.com/topic/33386925,109
https://pantip.com/topic/33384011,95
https://pantip.com/topic/33383560,205
https://pantip.com/topic/33376304,115
https://pantip.com/topic/33366094,360
https://pantip.com/topic/33364567,80
https://pantip.com/topic/33359494,144
https://pantip.com/topic/33359354,606
https://pantip.com/topic/33344971,324
https://pantip.com/topic/33344713,395
https://pantip.com/topic/33344652,72
https://pantip.com/topic/33344343,155
https://pantip.com/topic/33343651,78
https://pantip.com/topic/33343335,77
https://pantip.com/topic/33326025,71
https://pantip.com/topic/33324584,103
https://pantip.com/topic/33317674,76
https://pantip.com/topic/33317394,78
https://pantip.com/topic/33313658,147
https://pantip.com/topic/33311434,134
https://pantip.com/topic/33310173,70
https://pantip.com/topic/33302496,418
https://pantip.com/topic/33301031,420
https://pantip.com/topic/33298275,109
https://pantip.com/topic/33288040,159
https://pantip.com/topic/33287141,224
https://pantip.com/topic/33286088,160
https://pantip.com/topic/33284871,73
https://pantip.com/topic/33281335,149
https://pantip.com/topic/33277885,129
https://pantip.com/topic/33277767,334
https://pantip.com/topic/33269684,166
https://pantip.com/topic/33267859,191
https://pantip.com/topic/33261203,228
https://pantip.com/topic/33260097,78
https://pantip.com/topic/33256599,84
https://pantip.com/topic/33254192,93
https://pantip.com/topic/33250121,207
https://pantip.com/topic/33245175,71
https://pantip.com/topic/33233772,105
https://pantip.com/topic/33233580,245
https://pantip.com/topic/33223240,76
https://pantip.com/topic/33215697,93
https://pantip.com/topic/33210919,97
https://pantip.com/topic/33207613,120
https://pantip.com/topic/33199065,123
https://pantip.com/topic/33194834,89
https://pantip.com/topic/33192845,371
https://pantip.com/topic/33191512,125
https://pantip.com/topic/33190549,169
https://pantip.com/topic/33189524,77
https://pantip.com/topic/33187585,111
https://pantip.com/topic/33183492,106
https://pantip.com/topic/33178810,244
https://pantip.com/topic/33153963,73
https://pantip.com/topic/33146002,100
https://pantip.com/topic/33142377,159
https://pantip.com/topic/33140590,75
https://pantip.com/topic/33138900,262
https://pantip.com/topic/33138512,122
https://pantip.com/topic/33133109,106
https://pantip.com/topic/33132890,300
https://pantip.com/topic/33130782,108
https://pantip.com/topic/33128740,99
https://pantip.com/topic/33127122,143
https://pantip.com/topic/33123381,172
https://pantip.com/topic/33123198,230
https://pantip.com/topic/33107259,206
https://pantip.com/topic/33103273,85
https://pantip.com/topic/33101602,89
https://pantip.com/topic/33101229,144
https://pantip.com/topic/33097093,147
https://pantip.com/topic/33096039,142
https://pantip.com/topic/33076545,112
https://pantip.com/topic/33075062,78
https://pantip.com/topic/33074403,109
https://pantip.com/topic/33071476,143
https://pantip.com/topic/33063065,87
https://pantip.com/topic/33062778,158
https://pantip.com/topic/33060713,161
https://pantip.com/topic/33056663,94
https://pantip.com/topic/33055517,271
https://pantip.com/topic/33054407,73
https://pantip.com/topic/33053173,142
https://pantip.com/topic/33052491,94
https://pantip.com/topic/33042539,79
https://pantip.com/topic/33039850,172
https://pantip.com/topic/33039607,77
https://pantip.com/topic/33027960,92
https://pantip.com/topic/33020643,139
https://pantip.com/topic/33020431,194
https://pantip.com/topic/33019514,249
https://pantip.com/topic/33018381,83
https://pantip.com/topic/33017730,354
https://pantip.com/topic/33011853,403
https://pantip.com/topic/33010229,305
https://pantip.com/topic/33008050,233
https://pantip.com/topic/33006106,79
https://pantip.com/topic/33003168,154
https://pantip.com/topic/33002078,136
https://pantip.com/topic/33000236,83
https://pantip.com/topic/32997584,109
https://pantip.com/topic/32996584,165
https://pantip.com/topic/32989193,195
https://pantip.com/topic/32984311,346
https://pantip.com/topic/32977970,157
https://pantip.com/topic/32977536,102
https://pantip.com/topic/32968956,76
https://pantip.com/topic/32966358,111
https://pantip.com/topic/32958878,253
https://pantip.com/topic/32951323,178
https://pantip.com/topic/32949942,165
https://pantip.com/topic/32948459,105
https://pantip.com/topic/32944461,282
https://pantip.com/topic/32944007,222
https://pantip.com/topic/32942721,76
https://pantip.com/topic/32938852,155
https://pantip.com/topic/32935862,80
https://pantip.com/topic/32935392,77
https://pantip.com/topic/32934645,197
https://pantip.com/topic/32934079,127
https://pantip.com/topic/32924203,87
https://pantip.com/topic/32923710,119
https://pantip.com/topic/32914768,96
https://pantip.com/topic/32914743,261
https://pantip.com/topic/32914097,84
https://pantip.com/topic/32911236,74
https://pantip.com/topic/32911074,336
https://pantip.com/topic/32908766,295
https://pantip.com/topic/32907725,78
https://pantip.com/topic/32894458,91
https://pantip.com/topic/32889405,226
https://pantip.com/topic/32889069,280
https://pantip.com/topic/32886858,105
https://pantip.com/topic/32885887,185
https://pantip.com/topic/32884099,105
https://pantip.com/topic/32882912,101
https://pantip.com/topic/32880378,156
https://pantip.com/topic/32876544,129
https://pantip.com/topic/32875795,90
https://pantip.com/topic/32874371,117
https://pantip.com/topic/32872416,162
https://pantip.com/topic/32872146,76
https://pantip.com/topic/32867572,95
https://pantip.com/topic/32866607,121
https://pantip.com/topic/32861677,72
https://pantip.com/topic/32860829,120
https://pantip.com/topic/32857924,143
https://pantip.com/topic/32857493,77
https://pantip.com/topic/32854604,102
https://pantip.com/topic/32854259,128
https://pantip.com/topic/32847745,72
https://pantip.com/topic/32835116,157
https://pantip.com/topic/32833950,107
https://pantip.com/topic/32828533,83
https://pantip.com/topic/32828164,471
https://pantip.com/topic/32818974,132
https://pantip.com/topic/32818937,71
https://pantip.com/topic/32816285,196
https://pantip.com/topic/32814557,90
https://pantip.com/topic/32814151,481
https://pantip.com/topic/32812344,127
https://pantip.com/topic/32811458,471
https://pantip.com/topic/32809460,132
https://pantip.com/topic/32808145,146
https://pantip.com/topic/32807187,673
https://pantip.com/topic/32805962,238
https://pantip.com/topic/32802570,75
https://pantip.com/topic/32801224,116
https://pantip.com/topic/32794333,349
https://pantip.com/topic/32790602,152
https://pantip.com/topic/32782381,73
https://pantip.com/topic/32782087,140
https://pantip.com/topic/32781630,137
https://pantip.com/topic/32781238,94
https://pantip.com/topic/32778083,75
https://pantip.com/topic/32776810,247
https://pantip.com/topic/32775152,100
https://pantip.com/topic/32769589,182
https://pantip.com/topic/32761510,79
https://pantip.com/topic/32754002,136
https://pantip.com/topic/32753518,133
https://pantip.com/topic/32748941,277
https://pantip.com/topic/32745505,89
https://pantip.com/topic/32745050,155
https://pantip.com/topic/32743400,142
https://pantip.com/topic/32739577,525
https://pantip.com/topic/32737800,530
https://pantip.com/topic/32734560,326
https://pantip.com/topic/32728367,74
https://pantip.com/topic/32725803,76
https://pantip.com/topic/32724778,78
https://pantip.com/topic/32716723,97
https://pantip.com/topic/32715921,214
https://pantip.com/topic/32714638,103
https://pantip.com/topic/32713713,1055
https://pantip.com/topic/32708729,145
https://pantip.com/topic/32707713,95
https://pantip.com/topic/32704758,283
https://pantip.com/topic/32695649,102
https://pantip.com/topic/32687790,105
https://pantip.com/topic/32685023,82
https://pantip.com/topic/32682601,176
https://pantip.com/topic/32676530,92
https://pantip.com/topic/32668739,379
https://pantip.com/topic/32667136,154
https://pantip.com/topic/32666299,448
https://pantip.com/topic/32665348,99
https://pantip.com/topic/32660140,342
https://pantip.com/topic/32646778,221
https://pantip.com/topic/32643493,261
https://pantip.com/topic/32637496,129
https://pantip.com/topic/32632383,73
https://pantip.com/topic/32627588,220
https://pantip.com/topic/32624662,88
https://pantip.com/topic/32610677,234
https://pantip.com/topic/32610491,340
https://pantip.com/topic/32602481,186
https://pantip.com/topic/32601841,129
https://pantip.com/topic/32596945,981
https://pantip.com/topic/32596068,70
https://pantip.com/topic/32575038,135
https://pantip.com/topic/32572470,164
https://pantip.com/topic/32571029,188
https://pantip.com/topic/32563479,100
https://pantip.com/topic/32561362,73
https://pantip.com/topic/32560647,273
https://pantip.com/topic/32560491,87
https://pantip.com/topic/32551584,313
https://pantip.com/topic/32549394,153
https://pantip.com/topic/32549330,100
https://pantip.com/topic/32545377,173
https://pantip.com/topic/32542475,175
https://pantip.com/topic/32537735,193
https://pantip.com/topic/32533527,113
https://pantip.com/topic/32533014,76
https://pantip.com/topic/32530785,120
https://pantip.com/topic/32529491,173
https://pantip.com/topic/32527787,116
https://pantip.com/topic/32523055,341
https://pantip.com/topic/32522828,227
https://pantip.com/topic/32522215,538
https://pantip.com/topic/32519348,239
https://pantip.com/topic/32512462,146
https://pantip.com/topic/32507366,322
https://pantip.com/topic/32505872,117
https://pantip.com/topic/32502142,147
https://pantip.com/topic/32499556,137
https://pantip.com/topic/32496607,174
https://pantip.com/topic/32479254,79
https://pantip.com/topic/32475631,133
https://pantip.com/topic/32472543,76
https://pantip.com/topic/32472530,101
https://pantip.com/topic/32470670,77
https://pantip.com/topic/32463100,232
https://pantip.com/topic/32460229,127
https://pantip.com/topic/32458326,107
https://pantip.com/topic/32456963,72
https://pantip.com/topic/32451499,136
https://pantip.com/topic/32450971,87
https://pantip.com/topic/32450122,70
https://pantip.com/topic/32436771,199
https://pantip.com/topic/32420216,81
https://pantip.com/topic/32418392,305
https://pantip.com/topic/32417328,156
https://pantip.com/topic/32414946,468
https://pantip.com/topic/32411358,103
https://pantip.com/topic/32408720,78
https://pantip.com/topic/32406051,74
https://pantip.com/topic/32404625,147
https://pantip.com/topic/32402342,231
https://pantip.com/topic/32402342,231
https://pantip.com/topic/32399814,115
https://pantip.com/topic/32396955,88
https://pantip.com/topic/32390859,115
https://pantip.com/topic/32390420,92
https://pantip.com/topic/32387321,128
https://pantip.com/topic/32387290,298
https://pantip.com/topic/32383429,121
https://pantip.com/topic/32383154,84
https://pantip.com/topic/32376870,138
https://pantip.com/topic/32376014,87
https://pantip.com/topic/32371216,83
https://pantip.com/topic/32371175,81
https://pantip.com/topic/32358930,356
https://pantip.com/topic/32356988,148
https://pantip.com/topic/32355605,143
https://pantip.com/topic/32353847,72
https://pantip.com/topic/32353216,156
https://pantip.com/topic/32351423,114
https://pantip.com/topic/32351309,87
https://pantip.com/topic/32350413,75
https://pantip.com/topic/32349206,88
https://pantip.com/topic/32347261,225
https://pantip.com/topic/32343809,91
https://pantip.com/topic/32339802,276
https://pantip.com/topic/32335887,86
https://pantip.com/topic/32333908,81
https://pantip.com/topic/32333743,125
https://pantip.com/topic/32331722,84
https://pantip.com/topic/32329183,99
https://pantip.com/topic/32326626,74
https://pantip.com/topic/32326136,213
https://pantip.com/topic/32326095,72
https://pantip.com/topic/32325525,101
https://pantip.com/topic/32322986,124
https://pantip.com/topic/32321401,136
https://pantip.com/topic/32318745,302
https://pantip.com/topic/32316675,92
https://pantip.com/topic/32315787,146
https://pantip.com/topic/32315720,83
https://pantip.com/topic/32314354,80
https://pantip.com/topic/32314183,204
https://pantip.com/topic/32312200,90
https://pantip.com/topic/32311216,84
https://pantip.com/topic/32308854,324
https://pantip.com/topic/32305769,71
https://pantip.com/topic/32303075,232
https://pantip.com/topic/32302959,102
https://pantip.com/topic/32301079,133
https://pantip.com/topic/32301015,96
https://pantip.com/topic/32300967,131
https://pantip.com/topic/32300209,168
https://pantip.com/topic/32298571,93
https://pantip.com/topic/32298554,273
https://pantip.com/topic/32297948,528
https://pantip.com/topic/32297678,81
https://pantip.com/topic/32296849,303
https://pantip.com/topic/32296556,86
https://pantip.com/topic/32296424,95
https://pantip.com/topic/32296207,207
https://pantip.com/topic/32295332,211
https://pantip.com/topic/32292618,74
https://pantip.com/topic/32286245,205
https://pantip.com/topic/32282925,86
https://pantip.com/topic/32239061,119
https://pantip.com/topic/32235463,150
https://pantip.com/topic/32234056,137
https://pantip.com/topic/32228385,347
https://pantip.com/topic/32223902,122
https://pantip.com/topic/32212602,70
https://pantip.com/topic/32204481,214
https://pantip.com/topic/32200321,134
https://pantip.com/topic/32199532,78
https://pantip.com/topic/32196458,83
https://pantip.com/topic/32182797,141
https://pantip.com/topic/32182108,101
https://pantip.com/topic/32180442,89
https://pantip.com/topic/32180116,136
https://pantip.com/topic/32179977,102
https://pantip.com/topic/32178660,205
https://pantip.com/topic/32164398,93
https://pantip.com/topic/32158126,98
https://pantip.com/topic/32154001,287
https://pantip.com/topic/32153697,78
https://pantip.com/topic/32152295,313
https://pantip.com/topic/32150528,105
https://pantip.com/topic/32142255,204
https://pantip.com/topic/32140095,132
https://pantip.com/topic/32139764,265
https://pantip.com/topic/32136000,96
https://pantip.com/topic/32131337,78
https://pantip.com/topic/32127628,91
https://pantip.com/topic/32125745,337
https://pantip.com/topic/32125496,91
https://pantip.com/topic/32123005,258
https://pantip.com/topic/32122461,90
https://pantip.com/topic/32119875,475
https://pantip.com/topic/32111878,79
https://pantip.com/topic/32109909,203
https://pantip.com/topic/32103658,184
https://pantip.com/topic/32103482,80
https://pantip.com/topic/32093683,95
https://pantip.com/topic/32093441,91
https://pantip.com/topic/32091516,240
https://pantip.com/topic/32074912,78
https://pantip.com/topic/32073352,269
https://pantip.com/topic/32070825,189
https://pantip.com/topic/32058455,112
https://pantip.com/topic/32053957,91
https://pantip.com/topic/32052849,76
https://pantip.com/topic/32031553,129
https://pantip.com/topic/32015017,94
https://pantip.com/topic/31994432,126
https://pantip.com/topic/31991402,319
https://pantip.com/topic/31986946,152
https://pantip.com/topic/31983643,86
https://pantip.com/topic/31983296,385
https://pantip.com/topic/31981700,76
https://pantip.com/topic/31964733,370
https://pantip.com/topic/31956405,376
https://pantip.com/topic/31952986,181
https://pantip.com/topic/31951310,131
https://pantip.com/topic/31930860,138
https://pantip.com/topic/31927229,124
https://pantip.com/topic/31918588,80
https://pantip.com/topic/31917233,101
https://pantip.com/topic/31917067,232
https://pantip.com/topic/31915401,86
https://pantip.com/topic/31912013,73
https://pantip.com/topic/31909873,114
https://pantip.com/topic/31908613,263
https://pantip.com/topic/31908541,81
https://pantip.com/topic/31907934,254
https://pantip.com/topic/31895862,113
https://pantip.com/topic/31895734,84
https://pantip.com/topic/31893792,70
https://pantip.com/topic/31891553,72
https://pantip.com/topic/31882829,86
https://pantip.com/topic/31879488,527
https://pantip.com/topic/31864860,70
https://pantip.com/topic/31862247,74
https://pantip.com/topic/31860219,196
https://pantip.com/topic/31855056,115
https://pantip.com/topic/31853340,118
https://pantip.com/topic/31851370,499
https://pantip.com/topic/31833533,90
https://pantip.com/topic/31828711,148
https://pantip.com/topic/31825755,244
https://pantip.com/topic/31818721,85
https://pantip.com/topic/31808324,186
https://pantip.com/topic/31802535,84
https://pantip.com/topic/31799591,79
https://pantip.com/topic/31797839,92
https://pantip.com/topic/31794375,116
https://pantip.com/topic/31791326,108
https://pantip.com/topic/31781653,146
https://pantip.com/topic/31776422,170
https://pantip.com/topic/31772298,73
https://pantip.com/topic/31766069,107
https://pantip.com/topic/31763417,89
https://pantip.com/topic/31762279,129
https://pantip.com/topic/31757257,108
https://pantip.com/topic/31750943,92
https://pantip.com/topic/31725030,76
https://pantip.com/topic/31721863,84
https://pantip.com/topic/31713724,110
https://pantip.com/topic/31706264,79
https://pantip.com/topic/31691055,84
https://pantip.com/topic/31691022,187
https://pantip.com/topic/31688865,174
https://pantip.com/topic/31684136,130
https://pantip.com/topic/31633065,187
https://pantip.com/topic/31632854,84
https://pantip.com/topic/31629130,76
https://pantip.com/topic/31627418,127
https://pantip.com/topic/31626679,77
https://pantip.com/topic/31625707,377
https://pantip.com/topic/31624060,165
https://pantip.com/topic/31622528,286
https://pantip.com/topic/31613932,79
https://pantip.com/topic/31597563,141
https://pantip.com/topic/31593759,79
https://pantip.com/topic/31590391,73
https://pantip.com/topic/31584683,131
https://pantip.com/topic/31578575,85
https://pantip.com/topic/31571282,81
https://pantip.com/topic/31550640,106
https://pantip.com/topic/31531460,70
https://pantip.com/topic/31520111,75
https://pantip.com/topic/31516181,135
https://pantip.com/topic/31506888,138
https://pantip.com/topic/31502570,83
https://pantip.com/topic/31498979,77
https://pantip.com/topic/31475785,298
https://pantip.com/topic/31467401,74
https://pantip.com/topic/31462461,72
https://pantip.com/topic/31448302,84
https://pantip.com/topic/31440414,105
https://pantip.com/topic/31430975,89
https://pantip.com/topic/31427990,95
https://pantip.com/topic/31419569,91
https://pantip.com/topic/31418155,71
https://pantip.com/topic/31415711,112
https://pantip.com/topic/31412248,127
https://pantip.com/topic/31396251,168
https://pantip.com/topic/31393459,115
https://pantip.com/topic/31376024,154
https://pantip.com/topic/31375696,83
https://pantip.com/topic/31370352,85
https://pantip.com/topic/31368786,119
