,comment,tokenized_comment,label,predicted_label,marks
0,‡∏£‡πâ‡∏≤‡∏ô‡∏™‡∏ß‡∏¢‡∏°‡∏≤‡∏Å ‡∏™‡∏ß‡∏¢‡∏à‡∏ô‡∏≠‡∏¢‡∏≤‡∏Å‡∏ö‡∏≠‡∏Å‡∏ß‡πà‡∏≤ ‡πÄ‡∏≠‡∏≤‡πÄ‡∏á‡∏¥‡∏ô‡πÅ‡∏ï‡πà‡∏á‡∏£‡πâ‡∏≤‡∏ô ‡∏™‡πà‡∏á ‡∏û‡∏ô‡∏á ‡πÑ‡∏õ‡πÄ‡∏£‡∏µ‡∏¢‡∏ô‡∏ä‡∏á‡∏Å‡∏≤‡πÅ‡∏ü‡∏Å‡πà‡∏≠‡∏ô‡πÄ‡∏ñ‡∏≠‡∏∞‡∏Ñ‡πà‡∏∞,"['‡∏£‡πâ‡∏≤‡∏ô', '‡∏™‡∏ß‡∏¢', '‡∏™‡∏ß‡∏¢', '‡πÄ‡∏á‡∏¥‡∏ô', '‡∏û‡∏ô‡∏á', '‡πÄ‡∏£‡∏µ‡∏¢‡∏ô', '‡∏ä‡∏á', '‡∏Å‡∏≤‡πÅ‡∏ü']",,11,-1
1,‡πÄ‡∏£‡∏≤‡∏á‡∏á ‡∏™‡∏±‡πà‡∏á‡∏Ñ‡∏≤‡∏õ‡∏π‡∏ä‡∏¥‡πÇ‡∏ô‡∏´‡∏ß‡∏≤‡∏ô‡∏ô‡πâ‡∏≠‡∏¢ ‡∏ó‡∏≥‡πÑ‡∏°‡πà‡πÑ‡∏î‡πâ‡∏Ñ‡πà‡∏∞ ‡∏ñ‡πâ‡∏≤‡∏•‡∏π‡∏Å‡∏Ñ‡πâ‡∏≤‡∏≠‡∏¢‡∏≤‡∏Å‡πÑ‡∏î‡πâ‡∏´‡∏ß‡∏≤‡∏ô‡∏ô‡πâ‡∏≠‡∏¢‡∏ï‡πâ‡∏≠‡∏á‡∏™‡∏±‡πà‡∏á‡∏•‡∏≤‡πÄ‡∏ï‡πâ ‡∏Å‡∏π‡∏á‡∏á‡∏á‡∏á‡∏á‡∏á‡∏á,"['‡∏á‡∏á', '‡∏™‡∏±‡πà‡∏á', '‡∏ó‡∏≥', '‡∏•‡∏π‡∏Å‡∏Ñ‡πâ‡∏≤', '‡∏´‡∏ß‡∏≤‡∏ô', '‡∏™‡∏±‡πà‡∏á', '‡∏•‡∏≤‡πÄ‡∏ï‡πâ']",,11,-1
2,‡πÑ‡∏°‡πà‡∏Ñ‡∏ß‡∏£‡∏™‡πà‡∏á‡πÇ‡∏õ‡∏£‡∏°‡∏≤‡πÉ‡∏´‡πâ‡πÄ‡∏£‡∏≤‚Äã ‡∏ñ‡πâ‡∏≤‡∏™‡∏¥‡∏ó‡∏ò‡∏¥‡πå‚Äã‡∏°‡∏±‡∏ô‡πÄ‡∏ï‡πá‡∏°‡πÅ‡∏•‡πâ‡∏ß‡∏à‡∏≤‡∏Å‡πÉ‡∏à‡∏•‡∏π‡∏Å‡∏Ñ‡πâ‡∏≤‡∏ó‡∏£‡∏π‡∏°‡∏π‡∏ü,"['‡πÇ‡∏õ‡∏£', '‡∏™‡∏¥‡∏ó‡∏ò‡∏¥‡πå', '‡πÄ‡∏ï‡πá‡∏°', '‡∏•‡∏π‡∏Å‡∏Ñ‡πâ‡∏≤', '‡∏ó‡∏£‡∏π‡∏°‡∏π‡∏ü']",,6,-1
3,‡∏£‡∏≤‡∏Ñ‡∏≤‡∏™‡∏ï‡∏≤‡∏ö‡∏±‡∏Ñ ‡∏£‡∏™‡∏ä‡∏≤‡∏ï‡∏¥‡∏≠‡∏≠‡∏•‡∏Ñ‡∏≤‡πÄ‡∏ü‡πà,"['‡∏£‡∏≤‡∏Ñ‡∏≤', '‡∏™‡∏ï‡∏≤‡∏ö‡∏±‡∏Ñ', '‡∏£‡∏™‡∏ä‡∏≤‡∏ï‡∏¥']",,7,-1
4,‡∏ã‡∏∑‡πâ‡∏≠‡∏•‡∏¥‡∏Ç‡∏™‡∏¥‡∏ó‡∏ò‡∏¥‡πå UCL ‡∏°‡∏≤‡∏î‡πâ‡∏ß‡∏¢‡∏ô‡∏∞ ‡∏à‡πà‡∏≤‡∏¢‡∏£‡∏≤‡∏¢‡πÄ‡∏î‡∏∑‡∏≠‡∏ô‡πÑ‡∏õ ‡πÅ‡∏ï‡πà‡πÑ‡∏°‡πà‡∏°‡∏µ‡πÉ‡∏´‡πâ‡∏î‡∏π,"['‡∏ã‡∏∑‡πâ‡∏≠', '‡∏à‡πà‡∏≤‡∏¢', '‡πÄ‡∏î‡∏∑‡∏≠‡∏ô', '‡∏î‡∏π']",,11,-1
5,‡∏ä‡πà‡∏ß‡∏á‡∏ô‡∏µ‡πâ‡πÄ‡∏ô‡∏ï‡∏ä‡πâ‡∏≤‡∏°‡∏≤‡∏Å‡πÄ‡∏•‡∏¢‡∏Ñ‡∏£‡∏±‡∏ö ‡∏ä‡πà‡∏ß‡∏¢‡∏õ‡∏£‡∏±‡∏ö‡∏õ‡∏£‡∏∏‡∏á‡∏î‡πâ‡∏ß‡∏¢‡∏Ñ‡∏£‡∏±‡∏ö ‡∏£‡∏≤‡∏¢‡πÄ‡∏î‡∏∑‡∏≠‡∏ô‡πÅ‡∏û‡∏á‡πÅ‡∏ï‡πà‡πÉ‡∏ä‡πâ‡πÑ‡∏°‡πà‡∏Ñ‡∏∏‡πâ‡∏°,"['‡πÄ‡∏ô‡∏ï', '‡∏õ‡∏£‡∏±‡∏ö‡∏õ‡∏£‡∏∏‡∏á', '‡πÄ‡∏î‡∏∑‡∏≠‡∏ô', '‡πÅ‡∏û‡∏á', '‡∏Ñ‡∏∏‡πâ‡∏°']",,11,-1
6,‡πÑ‡∏°‡πà ‡∏ä‡∏≠‡∏ö ‡∏Å‡∏≤‡∏£ ‡πÅ‡∏ö‡πà‡∏á ‡∏ä‡∏ô‡∏ä‡∏±‡πâ‡∏ô ‡πÉ‡∏ô‡∏£‡πâ‡∏≤‡∏ô‡∏Å‡∏≤‡πÅ‡∏ü ‡∏ú‡∏π‡πâ‡∏ñ‡∏∑‡∏≠‡∏ö‡∏±‡∏ï‡∏£‡∏≠‡∏µ‡∏Å‡πÅ‡∏ö‡∏ö ‡∏ô‡∏±‡πà‡∏á‡πÑ‡∏î‡πâ‡πÅ‡∏Ñ‡πà‡∏ï‡∏£‡∏á‡∏ô‡∏µ‡πâ ‡∏ú‡∏π‡πâ‡∏ñ‡∏∑‡∏≠‡∏ö‡∏±‡∏ï‡∏£‡∏≠‡∏µ‡∏Å‡πÅ‡∏ö‡∏ö‡∏ô‡∏±‡πà‡∏á‡∏ï‡∏£‡∏á‡∏ô‡∏µ‡πâ ‡∏à‡πà‡∏≤‡∏¢‡∏£‡∏≤‡∏Ñ‡∏≤‡∏Å‡∏≤‡πÅ‡∏ü‡∏Å‡πá‡πÄ‡∏ó‡πà‡∏≤‡∏Å‡∏±‡∏ô‡πÑ‡∏´‡∏°,"['‡∏ä‡∏≠‡∏ö', '‡∏£‡πâ‡∏≤‡∏ô', '‡∏Å‡∏≤‡πÅ‡∏ü', '‡∏ö‡∏±‡∏ï‡∏£', '‡∏ô‡∏±‡πà‡∏á', '‡∏ö‡∏±‡∏ï‡∏£', '‡∏ô‡∏±‡πà‡∏á', '‡∏à‡πà‡∏≤‡∏¢', '‡∏£‡∏≤‡∏Ñ‡∏≤', '‡∏Å‡∏≤‡πÅ‡∏ü', '‡πÑ‡∏´‡∏°']",,0,-1
7,‡πÄ‡∏ô‡πá‡∏ï‡∏ö‡πâ‡∏≤‡∏ô‡∏´‡∏•‡∏∏‡∏î‡∏ö‡πà‡∏≠‡∏¢‡∏°‡∏≤‡∏Å‡∏Ñ‡∏£‡∏±‡∏ö‡∏•‡∏°‡∏û‡∏±‡∏î‡∏ó‡∏µ‡∏´‡∏≤‡∏¢ ‡∏ô‡∏µ‡πà‡πÄ‡∏ô‡πá‡∏ï‡∏£‡∏∂‡πÇ‡∏û‡∏¢‡∏´‡∏ß‡∏¢ #‡∏õ‡∏£‡∏±‡∏ö‡∏õ‡∏£‡∏∏‡∏á‡∏î‡πâ‡∏ß‡∏¢‡∏Ñ‡∏ô‡∏±‡∏ö,"['‡πÄ‡∏ô‡πá‡∏ï', '‡∏ö‡πâ‡∏≤‡∏ô', '‡∏´‡∏•‡∏∏‡∏î', '‡∏´‡∏≤‡∏¢', '‡πÄ‡∏ô‡πá‡∏ï', '‡∏õ‡∏£‡∏±‡∏ö‡∏õ‡∏£‡∏∏‡∏á']",,8,-1
8,‡∏Å‡πà‡∏≠‡∏ô‡∏•‡∏π‡∏Å‡∏Ñ‡πâ‡∏≤‡∏à‡∏∞‡∏™‡∏±‡πà‡∏á ‡∏£‡∏ö‡∏Å‡∏ß‡∏ô‡∏û‡∏ô‡∏±‡∏Å‡∏á‡∏≤‡∏ô‡∏≠‡πâ‡∏≤‡∏õ‡∏≤‡∏Å‡∏ö‡∏≠‡∏Å‡πÄ‡∏•‡∏¢‡∏Ñ‡πà‡∏∞ ‚Äú‡∏™‡∏¥‡∏ó‡∏ò‡∏¥‡πå‡πÄ‡∏ï‡πá‡∏°‚Äù ‡πÄ‡∏ö‡∏∑‡πà‡∏≠‡∏°‡∏≤‡∏Å‡∏Å‡∏Å,"['‡∏•‡∏π‡∏Å‡∏Ñ‡πâ‡∏≤', '‡∏™‡∏±‡πà‡∏á', '‡∏£‡∏ö‡∏Å‡∏ß‡∏ô', '‡∏û‡∏ô‡∏±‡∏Å‡∏á‡∏≤‡∏ô', '‡∏™‡∏¥‡∏ó‡∏ò‡∏¥‡πå', '‡πÄ‡∏ï‡πá‡∏°', '‡∏Å‡∏Å']",,11,-1
9,‡∏°‡∏µ point ‡∏°‡∏µ‡πÇ‡∏õ‡∏£‡∏Å‡πá‡πÑ‡∏°‡πà‡πÑ‡∏î‡πâ‡∏î‡∏∑‡∏° ‡∏™‡∏¥‡∏ó‡∏ò‡∏¥‡πå‡πÄ‡∏ï‡πá‡∏° ‡∏ó‡∏≥‡πÑ‡∏á‡∏•‡πà‡∏∞ ‡∏Ç‡∏≠‡∏ö‡∏Ñ‡∏∏‡∏ì‡∏Ñ‡∏£‡∏±‡∏ö ‡πÑ‡∏õ‡∏Å‡∏¥‡∏ô‡∏™‡∏ï‡∏≤‡∏ö‡∏±‡∏Ñ‡∏î‡∏µ‡∏Å‡∏ß‡πà‡∏≤ ‡πÑ‡∏°‡∏≠‡∏¢‡∏≤‡∏Å‡πÄ‡∏õ‡πá‡∏ô‡πÄ‡∏´‡∏¢‡∏∑‡πà‡∏≠‡∏¢‡∏Å‡∏≤‡∏£‡∏Ñ‡πâ‡∏≤,"['‡πÇ‡∏õ‡∏£', '‡∏î‡∏∑‡∏°', '‡πÄ‡∏ï‡πá‡∏°', '‡∏ó‡∏≥', '‡∏Å‡∏¥‡∏ô', '‡∏™‡∏ï‡∏≤‡∏ö‡∏±‡∏Ñ', '‡∏î‡∏µ', '‡πÑ‡∏°']",,11,-1
10,‡πÄ‡∏°‡∏ô‡∏π‡∏ä‡∏≤‡πÑ‡∏ó‡∏¢‡∏à‡∏∞‡∏ô‡πâ‡∏≥‡πÅ‡∏Ç‡πá‡∏á‡πÅ‡∏ô‡πà‡∏ô‡πÅ‡∏Å‡πâ‡∏ß‡∏≠‡∏∞‡πÑ‡∏£‡∏Ç‡∏ô‡∏≤‡∏î‡∏ô‡∏±‡πâ‡∏ô‡∏Å‡∏¥‡∏ô‡πÅ‡∏õ‡πä‡∏ö‡πÄ‡∏î‡∏µ‡∏¢‡∏ß‡∏Å‡πá‡∏´‡∏°‡∏î‡πÅ‡∏Å‡πâ‡∏ß ‡πÄ‡∏´‡∏•‡∏∑‡∏≠‡πÅ‡∏ï‡πà‡∏ô‡πâ‡∏≥‡πÅ‡∏Ç‡πá‡∏á‡πÄ‡∏õ‡∏•‡πà‡∏≤‡πÄ‡∏ï‡πá‡∏°‡πÅ‡∏Å‡πâ‡∏ß,"['‡πÑ‡∏ó‡∏¢', '‡∏ô‡πâ‡∏≥', '‡πÅ‡∏Ç‡πá‡∏á', '‡πÅ‡∏ô‡πà‡∏ô‡πÅ‡∏Å‡πâ‡∏ß', '‡∏Ç‡∏ô‡∏≤‡∏î', '‡∏Å‡∏¥‡∏ô', '‡πÅ‡∏õ‡πä‡∏ö', '‡πÅ‡∏Å‡πâ‡∏ß', '‡∏ô‡πâ‡∏≥', '‡πÅ‡∏Ç‡πá‡∏á', '‡πÅ‡∏Å‡πâ‡∏ß']",,2,-1
11,‡∏≠‡∏£‡πà‡∏≠‡∏¢‡∏î‡∏µ‡πÄ‡πÄ‡∏•‡πâ‡∏ß‚Äã‡∏ï‡πâ‡∏≠‡∏á‚Äã #Signature ‡∏ô‡∏∞‡∏Ñ‡∏£‡∏±‡∏ö‡∏≠‡∏¢‡πà‡∏≤‡∏•‡∏∑‡∏°‡πÉ‡∏ä‡πâBlack card‡∏ô‡∏∞‡∏Ñ‡∏£‡∏±‡∏ö‡∏ú‡∏°,"['‡∏≠‡∏£‡πà‡∏≠‡∏¢', '‡∏î‡∏µ', '‡∏≠‡∏¢‡πà‡∏≤', '‡∏ú‡∏°']",,11,-1
12,‡∏ú‡∏°‡∏ß‡πà‡∏≤ ‡∏ú‡∏°‡∏ä‡∏≠‡∏ö‡∏£‡∏™‡∏ä‡∏≤‡∏ï‡∏¥‡∏Ç‡∏≠‡∏á‡∏Å‡∏≤‡πÅ‡∏ü‡∏Ñ‡∏∏‡∏ì ‡∏´‡∏•‡∏≤‡∏¢‡πÜ‡πÅ‡∏Å‡πâ‡∏ß‡∏õ‡∏£‡∏∞‡∏ó‡∏±‡∏ö‡πÉ‡∏à‡∏Å‡∏ß‡πà‡∏≤ ‡πÅ‡∏ö‡∏£‡∏ô‡∏î‡πå‡∏ô‡∏≤‡∏á‡πÄ‡∏á‡∏∑‡∏≠‡∏Å‡πÅ‡∏ï‡πà‡∏ß‡πà‡∏≤ ‡πÅ‡∏û‡∏á‡πÑ‡∏õ‡∏´‡∏ß‡πà‡∏∞ ‡πÑ‡∏°‡πà‡πÄ‡∏´‡∏°‡∏≤‡∏∞‡∏Å‡∏∞‡∏Ñ‡∏ô‡πÑ‡∏ó‡∏¢ (‡∏ñ‡∏∂‡∏á‡πÅ‡∏°‡πâ‡∏à‡∏∞‡πÉ‡∏ä‡πâ‡∏™‡πà‡∏ß‡∏ô‡∏•‡∏î ‡∏•‡∏π‡∏Å‡∏Ñ‡πâ‡∏≤‡∏ó‡∏£‡∏π ‡πÅ‡∏•‡πâ‡∏ß‡∏Å‡πâ‡∏ï‡∏≤‡∏°)‡∏™‡∏±‡∏á‡πÄ‡∏Å‡∏ï‡πÑ‡∏î‡πâ‡∏ß‡πà‡∏≤ ‡∏ô‡πâ‡∏≠‡∏¢‡∏™‡∏≤‡∏Ç‡∏≤ ‡∏ó‡∏µ‡πà‡∏Ñ‡∏ô‡∏à‡∏∞‡πÅ‡∏ô‡πà‡∏ô ‡∏´‡∏£‡∏∑‡∏≠‡∏ï‡πâ‡∏≠‡∏á‡∏ï‡πà‡∏≠‡∏Ñ‡∏¥‡∏ß‡∏™‡∏±‡∏µ‡∏á‡∏Å‡∏≤‡πÅ‡∏ü ‡πÄ‡∏´‡∏°‡∏∑‡∏≠‡∏ô‡πÅ‡∏ö‡∏£‡∏ô‡∏î‡πå‡∏ô‡∏≤‡∏á‡πÄ‡∏á‡∏∑‡∏≠‡∏Å‚Ä¶See more,"['‡∏ú‡∏°', '‡∏ú‡∏°', '‡∏ä‡∏≠‡∏ö', '‡∏£‡∏™‡∏ä‡∏≤‡∏ï‡∏¥', '‡∏Å‡∏≤‡πÅ‡∏ü', '‡πÅ‡∏Å‡πâ‡∏ß', '‡πÅ‡∏ö‡∏£‡∏ô‡∏î‡πå', '‡πÅ‡∏û‡∏á', '‡∏Å‡∏∞', '‡∏Ñ‡∏ô', '‡πÑ‡∏ó‡∏¢', '‡∏•‡∏î', '‡∏•‡∏π‡∏Å‡∏Ñ‡πâ‡∏≤', '‡∏ó‡∏£‡∏π', '‡∏™‡∏≤‡∏Ç‡∏≤', '‡∏Ñ‡∏ô', '‡∏Ñ‡∏¥‡∏ß', '‡πÄ‡∏´‡∏°‡∏∑‡∏≠‡∏ô', '‡πÅ‡∏ö‡∏£‡∏ô‡∏î‡πå', '‡∏ô‡∏≤‡∏á‡πÄ‡∏á‡∏∑‡∏≠‡∏Å']",,11,-1
13,‡πÉ‡∏ä‡πâ‚Äã code  ‡∏ó‡∏µ‡πÑ‡∏£‡πÄ‡∏ï‡πá‡∏°‡∏ï‡∏•‡∏≠‡∏î‚Äã ‡∏û‡∏ô‡∏±‡∏Å‡∏á‡∏≤‡∏ô‡πÅ‡∏ô‡∏∞‡∏ô‡∏≥‡πÉ‡∏´‡πâ‡∏Å‡∏î‚Äã code  ‡πÑ‡∏ß‡πâ‡∏ï‡∏≠‡∏ô‡πÄ‡∏ó‡∏µ‡πà‡∏¢‡∏á‡∏Ñ‡∏∑‡∏ô‚Äã )‚Äã,"['‡πÄ‡∏ï‡πá‡∏°', '‡∏û‡∏ô‡∏±‡∏Å‡∏á‡∏≤‡∏ô', '‡∏Å‡∏î', '‡∏ï‡∏≠‡∏ô', '‡∏Ñ‡∏∑‡∏ô']",,11,-1
14,"‡∏ñ‡πâ‡∏≤„Äã ‡∏Å‡∏≤‡πÅ‡∏ü‡∏à‡∏∑‡∏î ‡πÄ‡∏´‡∏°‡∏∑‡∏≠‡∏ô‡∏ô‡πâ‡∏≥‡πÄ‡∏õ‡∏•‡πà‡∏≤ ‡πÅ‡∏™‡∏î‡∏á‡∏ß‡πà‡∏≤‡∏ä‡∏≠‡∏ö‡∏Å‡∏¥‡∏ô ‡∏™‡∏≤‡∏¢‡∏û‡∏±‡∏ô‡∏ò‡∏∏‡πå‡πÇ‡∏£‡∏ö‡∏±‡∏™‡∏ï‡πâ‡∏≤ (‡πÄ‡∏ö‡∏≠‡∏î‡∏µ‡πâ,3 in 1)‡∏ñ‡πâ‡∏≤ „Äã ‡πÅ‡∏û‡∏á ‡πÉ‡∏´‡πâ‡πÄ‡∏õ‡∏¥‡∏î Promotion ‡∏°‡∏µ 10 ‡∏Å‡∏ß‡πà‡∏≤‡πÇ‡∏õ‡∏£ ‡∏à‡∏ô‡πÑ‡∏°‡πà‡∏£‡∏π‡πâ‡∏à‡∏∞‡πÉ‡∏ä‡πâ‡πÇ‡∏õ‡∏£‡πÑ‡∏´‡∏ô ‡∏à‡∏ô ‡∏á‡∏á ‚Ä¶See more","['‡∏Å‡∏≤‡πÅ‡∏ü', '‡∏à‡∏∑‡∏î', '‡πÄ‡∏õ‡∏•‡πà‡∏≤', '‡∏ä‡∏≠‡∏ö', '‡∏Å‡∏¥‡∏ô', '‡πÅ‡∏û‡∏á', '‡πÇ‡∏õ‡∏£', '‡∏£‡∏π‡πâ', '‡πÇ‡∏õ‡∏£', '‡∏á‡∏á']",,11,-1
15,‡∏ä‡∏≤‡πÄ‡∏¢‡πá‡∏ô‡∏≠‡∏£‡πà‡∏≠‡∏¢ ‡∏ä‡∏≠‡∏ö‡∏ó‡∏µ‡πà‡πÄ‡∏õ‡πá‡∏ô‡∏ô‡πâ‡∏≥‡πÅ‡∏Ç‡πá‡∏á‡∏õ‡∏±‡πà‡∏ô‡∏•‡∏∞‡πÄ‡∏≠‡∏µ‡∏¢‡∏î ‡πÅ‡∏ï‡πà‡∏Ç‡∏≠‡∏ô‡πâ‡∏≥‡πÄ‡∏¢‡∏≠‡∏∞‡∏Å‡∏ß‡πà‡∏≤‡∏ô‡∏µ‡πâ‡πÑ‡∏î‡πâ‡πÑ‡∏´‡∏° ‡∏î‡∏π‡πÑ‡∏õ‡∏™‡∏≠‡∏á‡∏õ‡∏∑‡πâ‡∏î‡∏´‡∏°‡∏î‡πÅ‡∏´‡∏•‡πà‡∏ß ‡∏£‡∏≤‡∏Ñ‡∏≤‡πÇ‡∏´‡∏î‡∏£‡πâ‡∏≤‡∏¢‡πÑ‡∏õ‡πä,"['‡∏ä‡∏≤‡πÄ‡∏¢‡πá‡∏ô', '‡∏≠‡∏£‡πà‡∏≠‡∏¢', '‡∏ä‡∏≠‡∏ö', '‡∏ô‡πâ‡∏≥', '‡πÅ‡∏Ç‡πá‡∏á', '‡∏õ‡∏±‡πà‡∏ô', '‡∏ô‡πâ‡∏≥', '‡πÑ‡∏´‡∏°', '‡∏î‡∏π', '‡∏™‡∏≠‡∏á', '‡∏£‡∏≤‡∏Ñ‡∏≤']",,2,-1
16,‡πÇ‡∏õ‡∏£‡∏ï‡∏¥‡∏î‡∏™‡∏±‡∏ç‡∏ç‡∏≤‡∏ô‡∏µ‡πà‡πÄ‡∏ô‡∏ï‡πÉ‡∏ä‡πâ‡∏î‡∏µ‡∏°‡∏≤‡∏Å ‡∏î‡∏π‡∏¢‡∏π‡∏ó‡∏π‡∏õ‡πÄ‡∏ó‡πà‡∏≤‡πÑ‡∏´‡∏£‡πà‡∏Å‡πá‡πÑ‡∏°‡πà‡∏´‡∏°‡∏î ‡∏û‡∏≠‡∏Ñ‡∏£‡∏ö‡∏™‡∏±‡∏ç‡∏ç‡∏≤‡∏õ‡∏∏‡πä‡∏ö ‡∏≠‡∏µ‡∏î‡∏≠‡∏Å‡πÅ‡∏Ñ‡πà‡∏™‡πÑ‡∏•‡πâ‡πÄ‡∏ü‡∏ä‡∏ö‡∏∏‡∏Ñ ‡πÑ‡∏°‡πà‡∏ñ‡∏∂‡∏á‡πÄ‡∏î‡∏∑‡∏≠‡∏ô‡πÄ‡∏ô‡∏ï‡∏õ‡∏•‡∏¥‡∏ß‡∏´‡∏≤‡∏¢‡πÑ‡∏õ‡∏≠‡∏¢‡πà‡∏≤‡∏á‡∏Å‡∏∞‡πÇ‡∏î‡∏ô‡∏õ‡∏•‡πâ‡∏ô,"['‡πÄ‡∏ô‡∏ï', '‡∏î‡∏µ', '‡∏î‡∏π', '‡πÑ‡∏´‡∏£‡πà', '‡πÄ‡∏î‡∏∑‡∏≠‡∏ô', '‡∏´‡∏≤‡∏¢']",,11,-1
17,Wi-Fi ‡∏ó‡∏£‡∏π‡∏ó‡∏µ‡πà‡∏ö‡πâ‡∏≤‡∏ô ‡πÉ‡∏ä‡πâ‡πÑ‡∏î‡πâ‡πÅ‡∏ï‡πà‡∏Å‡∏•‡∏≤‡∏á‡∏Ñ‡∏∑‡∏ô ‡∏Å‡∏•‡∏≤‡∏á‡∏ß‡∏±‡∏ô‡πÉ‡∏ä‡πâ‡πÑ‡∏°‡πà‡πÑ‡∏î‡πâ ‡πÅ‡∏ï‡πà‡∏à‡πà‡∏≤‡∏¢‡∏û‡∏±‡∏ô‡∏Å‡∏ß‡πà‡∏≤‡∏ö‡∏≤‡∏ó‡∏ó‡∏∏‡∏Å‡πÄ‡∏î‡∏∑‡∏≠‡∏ô ‡∏Ñ‡∏ß‡∏£‡∏õ‡∏£‡∏±‡∏ö‡∏õ‡∏£‡∏∏‡∏á ‡∏ù‡∏≤‡∏Å‡∏ó‡∏£‡∏π‡∏Ñ‡∏≠‡∏ü‡∏ü‡∏µ‡πà‡πÑ‡∏õ‡∏ö‡∏≠‡∏Å‡∏î‡πâ‡∏ß‡∏¢,"['‡∏ó‡∏£‡∏π', '‡∏ö‡πâ‡∏≤‡∏ô', '‡∏Ñ‡∏∑‡∏ô', '‡∏à‡πà‡∏≤‡∏¢', '‡∏û‡∏±‡∏ô', '‡πÄ‡∏î‡∏∑‡∏≠‡∏ô', '‡∏õ‡∏£‡∏±‡∏ö‡∏õ‡∏£‡∏∏‡∏á', '‡∏ù‡∏≤‡∏Å', '‡∏ó‡∏£‡∏π‡∏Ñ‡∏≠‡∏ü‡∏ü‡∏µ‡πà']",,11,-1
18,‡πÄ‡∏Ñ‡∏£‡∏∑‡πà‡∏≠‡∏á‡∏î‡∏∑‡πà‡∏°‡πÇ‡∏ö‡∏£‡∏≤‡∏ì ‡∏≠‡∏±‡∏î‡∏ô‡πâ‡∏≥‡πÅ‡∏Ç‡πá‡∏á‡πÅ‡∏ô‡πà‡∏ô‡∏°‡∏≤‡∏Å ‡∏î‡∏π‡∏î 3-4 ‡∏ó‡∏µ‡∏´‡∏°‡∏î ‡∏ô‡πâ‡∏≥‡πÅ‡∏Ç‡πá‡∏á‡∏¢‡∏±‡∏á‡πÅ‡∏ô‡πà‡∏ô‡πÅ‡∏Å‡πâ‡∏ß‡∏≠‡∏¢‡∏π‡πà‡πÄ‡∏•‡∏¢,"['‡πÄ‡∏Ñ‡∏£‡∏∑‡πà‡∏≠‡∏á', '‡∏î‡∏∑‡πà‡∏°', '‡πÇ‡∏ö‡∏£‡∏≤‡∏ì', '‡∏≠‡∏±‡∏î', '‡∏ô‡πâ‡∏≥', '‡∏î‡∏π‡∏î', '‡∏ô‡πâ‡∏≥', '‡πÅ‡∏Ç‡πá‡∏á', '‡πÅ‡∏ô‡πà‡∏ô‡πÅ‡∏Å‡πâ‡∏ß']",,2,-1
19,‡∏¢‡πâ‡∏≤‡∏¢‡∏Ñ‡πà‡∏≤‡∏¢‡∏à‡∏≤‡∏Å‡∏ó‡∏£‡∏π‡∏°‡∏≤‡∏ó‡∏∏‡∏Å‡πÄ‡∏ö‡∏≠‡∏£‡πå ‡πÄ‡∏û‡∏£‡∏≤‡∏∞‡∏™‡∏±‡∏ç‡∏ç‡∏≤‡∏ì‡πÄ‡∏´‡∏£‡∏µ‡πâ‡∏¢‡∏°‡∏≤‡∏Å ‡πÄ‡∏î‡∏µ‡πã‡∏¢‡∏ß‡∏ß‡∏ß~~ ‡πÄ‡∏Å‡∏µ‡πà‡∏¢‡∏ß‡πÑ‡∏£‡∏Å‡∏∞‡∏Å‡∏≤‡πÅ‡∏ü ü§£,"['‡∏¢‡πâ‡∏≤‡∏¢', '‡∏Ñ‡πà‡∏≤‡∏¢', '‡∏™‡∏±‡∏ç‡∏ç‡∏≤‡∏ì', '‡∏ß‡∏ß', '‡πÄ‡∏Å‡∏µ‡πà‡∏¢‡∏ß', '‡∏Å‡∏≤‡πÅ‡∏ü']",,11,-1
20,‡∏ô‡∏µ‡πâ‡∏à‡∏∞‡πÄ‡∏´‡∏°‡∏∑‡∏≠‡∏ô‡∏≠‡πÄ‡∏°‡∏ã‡∏≠‡∏ô ‡πÅ‡∏ï‡πà‡∏•‡∏∞‡∏™‡∏≤‡∏Ç‡∏≤‡∏£‡∏™‡∏ä‡∏≤‡∏ï‡∏¥‡πÑ‡∏°‡πà‡πÄ‡∏´‡∏°‡∏∑‡∏≠‡∏ô‡∏Å‡∏±‡∏ô ‡∏Ñ‡∏ô‡∏ó‡∏≥‡∏Å‡∏≤‡πÅ‡∏ü‡πÄ‡∏õ‡∏•‡∏µ‡πà‡∏¢‡∏ô‡∏£‡∏™‡∏ä‡∏≤‡∏ï‡∏¥‡∏Å‡πá‡πÄ‡∏õ‡∏•‡∏µ‡πà‡∏¢‡∏ô ‡∏õ‡∏•.‡πÄ‡∏°‡∏¥‡∏á‡∏Ñ‡∏ß‡∏£‡πÉ‡∏´‡πâ‡∏•‡∏π‡∏Å‡∏Ñ‡πâ‡∏≤‡∏ó‡∏µ‡πà‡πÉ‡∏ä‡πâ‡∏ó‡∏£‡∏π‡πÇ‡∏î‡∏¢‡πÄ‡∏â‡∏û‡∏≤‡∏∞‡πÑ‡∏î‡πâ‡∏™‡∏¥‡∏ó‡∏ò‡∏¥‡πå‡πÑ‡∏î‡πâ‡∏™‡πà‡∏ß‡∏ô‡∏•‡∏î‡∏û‡∏¥‡πÄ‡∏®‡∏©‡∏ö‡πâ‡∏≤‡∏á,"['‡πÄ‡∏´‡∏°‡∏∑‡∏≠‡∏ô', '‡∏™‡∏≤‡∏Ç‡∏≤', '‡∏£‡∏™‡∏ä‡∏≤‡∏ï‡∏¥', '‡πÄ‡∏´‡∏°‡∏∑‡∏≠‡∏ô', '‡∏Ñ‡∏ô', '‡∏ó‡∏≥', '‡∏Å‡∏≤‡πÅ‡∏ü', '‡∏£‡∏™‡∏ä‡∏≤‡∏ï‡∏¥', '‡∏•‡∏π‡∏Å‡∏Ñ‡πâ‡∏≤', '‡∏ó‡∏£‡∏π', '‡∏™‡∏¥‡∏ó‡∏ò‡∏¥‡πå', '‡∏•‡∏î', '‡∏û‡∏¥‡πÄ‡∏®‡∏©']",,11,-1
21,‡∏ó‡∏≥‡πÑ‡∏°‡πÄ‡∏≠‡∏≤‡πÄ‡∏°‡∏ô‡∏π‡∏ó‡∏ß‡∏¥‡∏ã‡∏ó‡∏µ‡πà‡∏õ‡∏±‡πà‡∏ô‡πÉ‡∏™‡πà‡∏Ç‡∏ô‡∏°‡∏ä‡πá‡∏≠‡∏Å‡πÇ‡∏Å‡πÅ‡∏•‡∏ï‡∏ó‡∏ß‡∏¥‡∏ã‡∏Ñ‡∏≤‡∏•‡∏≤‡πÄ‡∏°‡∏•‡∏≠‡∏≠‡∏Å üí•üî•üî•üî•‡πÇ‡∏Å‡∏£‡∏ò‡∏´‡∏ô‡∏±‡∏Å‡∏Ñ‡πà‡∏∞ ‡πÄ‡∏û‡∏£‡∏≤‡∏∞‡∏ä‡∏≠‡∏ö‡∏°‡∏≤‡∏Å‡∏Å‡∏Å‡∏Å‡∏Å‡∏Å‡∏Å‡∏Å,"['‡πÄ‡∏°‡∏ô‡∏π', '‡∏Ç‡∏ô‡∏°', '‡∏ä‡∏≠‡∏ö']",,2,-1
22,‡∏ä‡∏≠‡∏Ñ‡πÇ‡∏Å‡πÅ‡∏•‡∏ï‡∏õ‡∏±‡πà‡∏ô‡∏£‡∏™‡∏ä‡∏≤‡∏ï‡∏¥‡πÄ‡∏´‡∏°‡∏∑‡∏≠‡∏ô‡πÄ‡∏≠‡∏≤‡πÅ‡∏ï‡πà‡∏•‡∏∞‡πÅ‡∏Å‡πâ‡∏ß‡∏ó‡∏µ‡πà‡πÑ‡∏°‡πà‡∏´‡∏°‡∏î‡∏°‡∏≤‡∏ú‡∏™‡∏°‡∏£‡∏ß‡∏°‡∏Å‡∏±‡∏ô‡πÉ‡∏´‡πâ   ‡∏ä‡∏≤‡πÄ‡∏Ç‡∏µ‡∏¢‡∏ß‡∏ô‡πâ‡∏≥‡πÅ‡∏Ç‡πá‡∏á‡πÑ‡∏°‡πà‡∏°‡∏µ‡πÄ‡∏•‡∏¢  ‡πÄ‡∏•‡∏∞‡πÄ‡∏õ‡πá‡∏ô‡πÇ‡∏à‡πä‡∏Å ‡πÑ‡∏°‡πà‡πÄ‡∏¢‡πá‡∏ô‡πÅ‡∏û‡∏á‡πÄ‡∏Å‡∏¥‡∏ô‡∏Ñ‡∏∏‡∏ì‡∏†‡∏≤‡∏û‡∏à‡∏£‡∏¥‡∏á‡πÜ,"['‡∏£‡∏™‡∏ä‡∏≤‡∏ï‡∏¥', '‡πÄ‡∏´‡∏°‡∏∑‡∏≠‡∏ô', '‡πÅ‡∏Å‡πâ‡∏ß', '‡∏ä‡∏≤‡πÄ‡∏Ç‡∏µ‡∏¢‡∏ß', '‡∏ô‡πâ‡∏≥', '‡πÅ‡∏Ç‡πá‡∏á', '‡πÄ‡∏¢‡πá‡∏ô', '‡πÅ‡∏û‡∏á', '‡∏Ñ‡∏∏‡∏ì‡∏†‡∏≤‡∏û']",,2,-1
23,‡∏ó‡∏£‡∏π‡πÄ‡∏Ñ‡∏¢‡∏°‡∏µ‡πÄ‡∏°‡∏ô‡∏π ‡∏î‡∏≤‡∏£‡πå‡∏Å‡∏°‡∏≠‡∏Ñ‡∏Ñ‡πà‡∏≤‡∏õ‡∏±‡πà‡∏ô ‡∏≠‡∏£‡πà‡∏≠‡∏¢‡πÄ‡∏Ç‡πâ‡∏°‡∏Ç‡πâ‡∏ô‡∏°‡∏≤‡∏Å ‡πÄ‡∏õ‡πá‡∏ô‡πÄ‡∏°‡∏ô‡∏π‡πÇ‡∏õ‡∏£‡∏î ‡πÄ‡∏°‡∏∑‡πà‡∏≠‡∏Å‡πà‡∏≠‡∏ô‡∏ã‡∏∑‡πâ‡∏≠‡πÅ‡∏ó‡∏ö‡∏ó‡∏∏‡∏Å‡∏ß‡∏±‡∏ô ‡πÇ‡∏õ‡∏£ 1 ‡πÅ‡∏ñ‡∏° 1 ‡∏î‡∏∑‡πà‡∏°‡πÄ‡∏ö‡∏¥‡πâ‡∏•‡∏Å‡πá‡πÑ‡∏°‡πà‡πÄ‡∏ö‡∏∑‡πà‡∏≠‡∏û‡∏≠‡∏ñ‡∏≠‡∏î‡πÄ‡∏°‡∏ô‡∏π‡∏ô‡∏µ‡πâ‡∏≠‡∏≠‡∏Å‡πÑ‡∏õ ‡πÑ‡∏°‡πà‡∏£‡∏π‡πâ‡∏à‡∏∞‡∏™‡∏±‡πà‡∏á‡∏≠‡∏∞‡πÑ‡∏£ ‡∏°‡∏≠‡∏Ñ‡∏Ñ‡πà‡∏≤‡∏õ‡∏±‡πà‡∏ô‡πÄ‡∏°‡∏ô‡∏π‡∏õ‡∏Å‡∏ï‡∏¥‡∏≠‡∏£‡πà‡∏≠‡∏¢‡∏™‡∏π‡πâ‡∏£‡πâ‡∏≤‡∏ô‡∏≠‡∏∑‡πà‡∏ô‡πÑ‡∏°‡πà‡πÑ‡∏î‡πâ ‡∏ï‡∏±‡πâ‡∏á‡πÅ‡∏ï‡πà‡∏ô‡∏±‡πâ‡∏ô‡πÄ‡∏•‡∏¥‡∏Å‡πÄ‡∏Ç‡πâ‡∏≤‡∏£‡πâ‡∏≤‡∏ô‡∏ó‡∏£‡∏π‡∏Ñ‡∏≠‡∏ü‡∏ü‡∏µ‡πà‡πÑ‡∏õ‡πÄ‡∏•‡∏¢‡∏Ñ‡∏£‡∏±‡∏ö,"['‡∏ó‡∏£‡∏π', '‡πÄ‡∏°‡∏ô‡∏π', '‡∏Ñ‡πà‡∏≤', '‡∏õ‡∏±‡πà‡∏ô', '‡∏≠‡∏£‡πà‡∏≠‡∏¢', '‡πÄ‡∏Ç‡πâ‡∏°‡∏Ç‡πâ‡∏ô', '‡πÄ‡∏°‡∏ô‡∏π', '‡∏ã‡∏∑‡πâ‡∏≠', '‡πÅ‡∏ó‡∏ö', '‡πÇ‡∏õ‡∏£', '‡πÅ‡∏ñ‡∏°', '‡∏î‡∏∑‡πà‡∏°', '‡∏£‡∏π‡πâ', '‡∏™‡∏±‡πà‡∏á', '‡∏Ñ‡πà‡∏≤', '‡∏≠‡∏£‡πà‡∏≠‡∏¢', '‡∏£‡πâ‡∏≤‡∏ô', '‡πÄ‡∏•‡∏¥‡∏Å', '‡∏£‡πâ‡∏≤‡∏ô', '‡∏ó‡∏£‡∏π‡∏Ñ‡∏≠‡∏ü‡∏ü‡∏µ‡πà']",,11,-1
24,‡∏Ç‡∏ô‡∏≤‡∏î‡∏ï‡∏≠‡∏ô‡πÄ‡∏õ‡πá‡∏ô‡∏•‡∏π‡∏Å‡∏Ñ‡πâ‡∏≤‡∏ó‡∏£‡∏π‡∏°‡∏π‡∏ü ‡∏¢‡∏±‡∏á‡πÑ‡∏°‡πà‡∏Å‡∏¥‡∏ô ‡∏ï‡∏≠‡∏ô‡∏ô‡∏µ‡πâ‡∏¢‡πâ‡∏≤‡∏¢‡∏Ñ‡πà‡∏≤‡∏¢‡πÅ‡∏•‡πâ‡∏ß ‡∏≠‡∏¢‡πà‡∏≤‡∏´‡∏ß‡∏±‡∏á‡∏à‡∏∞‡πÑ‡∏î‡πâ‡πÅ‡∏î‡∏Å,"['‡∏Ç‡∏ô‡∏≤‡∏î', '‡∏ï‡∏≠‡∏ô', '‡∏•‡∏π‡∏Å‡∏Ñ‡πâ‡∏≤', '‡∏ó‡∏£‡∏π‡∏°‡∏π‡∏ü', '‡∏Å‡∏¥‡∏ô', '‡∏ï‡∏≠‡∏ô', '‡∏¢‡πâ‡∏≤‡∏¢', '‡∏Ñ‡πà‡∏≤‡∏¢', '‡∏≠‡∏¢‡πà‡∏≤', '‡∏´‡∏ß‡∏±‡∏á']",,11,-1
25,‡∏à‡∏∞‡∏î‡∏µ‡∏°‡∏≤‡∏Å‡∏ñ‡πâ‡∏≤‡∏™‡∏¥‡∏ó‡∏ò‡∏¥ 1 ‡πÅ‡∏ñ‡∏° 1 ‡∏Ç‡∏≠‡∏á‡∏•‡∏π‡∏Å‡∏Ñ‡πâ‡∏≤‡πÅ‡∏ö‡∏•‡∏Ñ‡∏Å‡∏≤‡∏£‡πå‡∏î ‡∏™‡∏≤‡∏°‡∏≤‡∏£‡∏ñ‡πÄ‡∏Å‡πá‡∏ö‡πÉ‡∏ö‡πÄ‡∏™‡∏£‡πá‡∏à‡∏°‡∏≤‡πÄ‡∏≠‡∏≤‡∏≠‡∏µ‡∏Å‡πÅ‡∏Å‡πâ‡∏ß‡πÉ‡∏ô‡∏ß‡∏±‡∏ô‡∏ñ‡∏±‡∏î‡πÑ‡∏õ‡πÑ‡∏î‡πâ,"['‡∏î‡∏µ', '‡∏™‡∏¥‡∏ó‡∏ò‡∏¥', '‡πÅ‡∏ñ‡∏°', '‡∏•‡∏π‡∏Å‡∏Ñ‡πâ‡∏≤', '‡πÅ‡∏Å‡πâ‡∏ß', '‡∏ñ‡∏±‡∏î']",,11,-1
26,‡∏£‡∏≤‡∏Ñ‡∏≤‡πÅ‡∏û‡∏á ‡πÉ‡∏ä‡πâ‡∏™‡∏¥‡∏ó‡∏ò‡∏¥‚Äã‡∏•‡∏î‡πÅ‡∏•‡πâ‡∏ß‡∏¢‡∏±‡∏á‡πÅ‡∏û‡∏á ‡πÑ‡∏°‡πà‡∏≠‡∏£‡πà‡∏≠‡∏¢‡∏≠‡∏µ‡∏Å‡∏ï‡πà‡∏≤‡∏á‡∏´‡∏≤‡∏Å ‡∏´‡∏•‡∏±‡∏á‡πÜ‡∏°‡∏≤‡∏ô‡∏µ‡πà‡∏™‡∏¥‡∏ó‡∏ò‡∏¥‚Äã‡πÄ‡∏ï‡πá‡∏°‡∏°‡∏ï‡∏•‡∏≠‡∏î,"['‡∏£‡∏≤‡∏Ñ‡∏≤', '‡πÅ‡∏û‡∏á', '‡∏™‡∏¥‡∏ó‡∏ò‡∏¥', '‡∏•‡∏î', '‡πÅ‡∏û‡∏á', '‡∏≠‡∏£‡πà‡∏≠‡∏¢', '‡∏™‡∏¥‡∏ó‡∏ò‡∏¥']",,10,-1
27,‡πÄ‡∏´‡∏°‡∏∑‡∏≠‡∏ô‡∏à‡∏∞‡∏û‡∏£‡∏µ‡πÄ‡∏°‡∏µ‡∏¢‡∏° ‡πÅ‡∏ï‡πà‡πÄ‡∏°‡∏∑‡πà‡∏≠‡∏•‡∏≠‡∏á‡πÅ‡∏£‡πâ‡∏ß ‡πÄ‡∏≠‡∏¥‡πà‡∏°‡∏°‡∏° ‡∏ö‡∏≤‡∏á‡∏ï‡∏±‡∏ß‡πÇ‡∏≠‡πÄ‡∏Ñ‡∏£‡∏ô‡∏∞ ‡∏Ñ‡πà‡∏≠‡∏¢‡πÜ‡∏õ‡∏£‡∏±‡∏ö‡πÑ‡∏õ‡∏ó‡∏µ‡∏•‡∏∞‡∏à‡∏∏‡∏î,"['‡πÄ‡∏´‡∏°‡∏∑‡∏≠‡∏ô', '‡πÄ‡∏≠‡∏¥‡πà‡∏°', '‡∏ï‡∏±‡∏ß']",,11,-1
28,‡∏Ç‡∏≠‡∏ó‡∏≥‡∏Ç‡∏ô‡∏°‡πÑ‡∏õ‡∏™‡πà‡∏á‡πÑ‡∏î‡πâ‡πÑ‡∏´‡∏°‡∏Ñ‡∏∞ ‡∏ô‡∏±‡∏Å‡πÄ‡∏£‡∏µ‡∏¢‡∏ô‡∏ö‡πâ‡∏≤‡∏ô‡∏¢‡∏≤‡∏Å‡∏à‡∏ô‡∏à‡∏∞‡∏™‡∏≠‡∏ô‡∏ô‡∏±‡∏Å‡πÄ‡∏£‡∏µ‡∏¢‡∏ô‡πÅ‡∏ï‡πà‡πÑ‡∏°‡πà‡∏°‡∏µ‡∏ó‡∏µ‡πà‡πÉ‡∏´‡πâ‡πÇ‡∏≠‡∏Å‡∏≤‡∏™‡∏ô‡∏±‡∏Å‡πÄ‡∏£‡∏µ‡∏¢‡∏ô‡∏Ñ‡∏∞ ‡πÅ‡∏ï‡πà‡∏£‡∏±‡∏ö‡∏£‡∏≠‡∏á‡∏Ç‡∏ô‡∏°‡∏≠‡∏£‡πà‡∏≠‡∏¢‡∏Ñ‡∏∞,"['‡∏ó‡∏≥', '‡∏Ç‡∏ô‡∏°', '‡πÑ‡∏´‡∏°', '‡πÄ‡∏£‡∏µ‡∏¢‡∏ô', '‡πÄ‡∏£‡∏µ‡∏¢‡∏ô', '‡πÄ‡∏£‡∏µ‡∏¢‡∏ô', '‡∏Ç‡∏ô‡∏°', '‡∏≠‡∏£‡πà‡∏≠‡∏¢']",,13,-1
29,‡∏ã‡∏∑‡πâ‡∏≠‡πÄ‡∏û‡∏£‡∏≤‡∏∞‡∏´‡∏≤‡∏ó‡∏µ‡πà‡∏ô‡∏±‡πà‡∏á‡∏•‡πâ‡∏ß‡∏ô‡πÜ ‡∏£‡∏™‡∏ä‡∏≤‡∏ï‡∏¥‡πÑ‡∏°‡πà‡∏ï‡πâ‡∏≠‡∏á‡∏û‡∏π‡∏î‡∏ñ‡∏∂‡∏á ‡∏õ‡∏•‡πà‡∏≠‡∏¢‡∏ô‡πâ‡∏≥‡πÅ‡∏Ç‡πá‡∏á‡∏•‡∏∞‡∏•‡∏≤‡∏¢‡∏ó‡∏∏‡∏Å‡∏ó‡∏µ5555,"['‡∏ã‡∏∑‡πâ‡∏≠', '‡∏´‡∏≤', '‡∏ô‡∏±‡πà‡∏á', '‡∏£‡∏™‡∏ä‡∏≤‡∏ï‡∏¥', '‡∏ô‡πâ‡∏≥', '‡πÅ‡∏Ç‡πá‡∏á', '‡∏•‡∏∞‡∏•‡∏≤‡∏¢']",,2,-1
30,"‡∏ó‡∏£‡∏π‡∏û‡∏≠‡∏¢‡∏ô‡πå‡∏¢‡∏±‡∏á‡πÉ‡∏ä‡πâ‡πÑ‡∏î‡πâ‡∏≠‡∏¢‡∏π‡πà‡∏°‡∏±‡πâ‡∏¢ ‡∏°‡∏µ‡∏≠‡∏¢‡∏π‡πà 3,000 ‡∏Å‡∏ß‡πà‡∏≤ ‡∏≠‡∏¢‡∏≤‡∏Å‡∏Å‡∏¥‡∏ô‡∏Å‡∏≤‡πÅ‡∏ü‡∏£‡∏∞‡∏´‡∏ß‡πà‡∏≤‡∏á‡∏£‡∏≠‡∏à‡πà‡∏≤‡∏¢‡∏Ñ‡πà‡∏≤‡πÇ‡∏ó‡∏£‡∏®‡∏±‡∏û‡∏ó‡πå‡∏°‡∏±‡πà‡∏á‡∏≠‡πà‡∏∞","['‡∏Å‡∏¥‡∏ô', '‡∏Å‡∏≤‡πÅ‡∏ü', '‡∏£‡∏≠', '‡∏à‡πà‡∏≤‡∏¢', '‡∏Ñ‡πà‡∏≤', '‡πÇ‡∏ó‡∏£‡∏®‡∏±‡∏û‡∏ó‡πå', '‡∏≠‡πà‡∏∞']",,11,-1
31,‡∏î‡∏µ‡∏°‡∏≤‡∏Å‡∏≠‡∏¢‡∏π‡πà‡πÅ‡∏•‡πâ‡∏ß‡∏Ñ‡∏£‡∏±‡∏ö ‡∏™‡∏ñ‡∏≤‡∏ô‡∏ó‡∏µ‡πà ‡∏£‡∏≤‡∏Ñ‡∏≤ ‡∏£‡∏™‡∏ä‡∏≤‡∏ï‡∏¥ (‡∏õ‡∏£‡∏±‡∏ö‡∏õ‡∏£‡∏∏‡∏á‡∏î‡∏µ‡∏Ç‡∏∂‡πâ‡∏ô‡∏°‡∏≤‡∏Å) ‡πÄ‡∏ô‡πá‡∏ï‡πÅ‡∏£‡∏á‡∏î‡∏µ#‡πÄ‡∏û‡∏¥‡πà‡∏°‡∏™‡∏≤‡∏Ç‡∏≤ ‡∏Ñ‡∏£‡∏±‡∏ö,"['‡∏î‡∏µ', '‡∏£‡∏≤‡∏Ñ‡∏≤', '‡∏£‡∏™‡∏ä‡∏≤‡∏ï‡∏¥', '‡∏õ‡∏£‡∏±‡∏ö‡∏õ‡∏£‡∏∏‡∏á', '‡∏î‡∏µ', '‡πÄ‡∏ô‡πá‡∏ï', '‡πÅ‡∏£‡∏á', '‡∏î‡∏µ', '‡∏™‡∏≤‡∏Ç‡∏≤']",,4,-1
32,‡∏•‡∏≤‡πÄ‡∏ï‡πâ...‡∏à‡∏∑‡∏î‡∏™‡∏ô‡∏¥‡∏ó ‡πÅ‡∏ó‡∏ö‡πÑ‡∏°‡πà‡∏°‡∏µ‡∏£‡∏™‡∏ä‡∏≤‡∏ï‡∏¥ ‡∏£‡∏≤‡∏Ñ‡∏≤‡∏ô‡∏µ‡πà‡∏ã‡∏∑‡πâ‡∏≠‡∏£‡∏ñ‡πÄ‡∏Ç‡πá‡∏ô‡∏Å‡∏¥‡∏ô‡πÑ‡∏î‡πâ‡∏´‡∏•‡∏≤‡∏¢‡πÅ‡∏Å‡πâ‡∏ß‡πÄ‡∏•‡∏¢ ‡∏≠‡∏∏‡∏ï‡∏™‡πà‡∏≤‡∏´‡πå‡∏Å‡∏¥‡∏ô‡πÄ‡∏°‡∏ô‡∏π‡πÄ‡∏î‡∏¥‡∏° 2 ‡∏ß‡∏±‡∏ô ‡πÄ‡∏≠‡∏¥‡πà‡∏°...‡πÅ‡∏¢‡πà‡∏ó‡∏±‡πâ‡∏á‡∏Ñ‡∏π‡πà ‡∏ö‡∏≤‡∏¢‡∏¢‡∏¢‡∏¢,"['‡πÅ‡∏ó‡∏ö', '‡∏£‡∏™‡∏ä‡∏≤‡∏ï‡∏¥', '‡∏£‡∏≤‡∏Ñ‡∏≤', '‡∏ã‡∏∑‡πâ‡∏≠', '‡∏Å‡∏¥‡∏ô', '‡πÅ‡∏Å‡πâ‡∏ß', '‡πÄ‡∏≠‡∏¥‡πà‡∏°', '‡πÅ‡∏¢‡πà']",,11,-1
33,‡∏ä‡∏≤‡πÄ‡∏Ç‡∏µ‡∏¢‡∏ß‡πÑ‡∏°‡πà‡∏°‡∏µ‡∏Ñ‡∏ß‡∏≤‡∏°‡∏≠‡∏£‡πà‡∏≠‡∏¢‡πÄ‡∏•‡∏¢‡∏Ñ‡∏£‡∏±‡∏ö ‡πÄ‡∏•‡∏µ‡πà‡∏¢‡∏ô‡∏ï‡∏±‡πâ‡∏á‡πÅ‡∏ï‡πà‡∏ä‡∏≤‡πÄ‡∏Ç‡∏µ‡∏¢‡∏ß‡∏¢‡∏±‡∏ô‡∏ß‡∏¥‡∏õ‡∏Ñ‡∏£‡∏µ‡∏° ‡∏£‡∏≤‡∏Ñ‡∏≤‡∏Å‡πá‡πÅ‡∏û‡∏á‡∏î‡πâ‡∏ß‡∏¢,"['‡∏ä‡∏≤', '‡πÄ‡∏Ç‡∏µ‡∏¢‡∏ß', '‡∏≠‡∏£‡πà‡∏≠‡∏¢', '‡πÄ‡∏•‡∏µ‡πà‡∏¢‡∏ô', '‡∏ä‡∏≤', '‡πÄ‡∏Ç‡∏µ‡∏¢‡∏ß', '‡∏Ñ‡∏£‡∏µ‡∏°', '‡∏£‡∏≤‡∏Ñ‡∏≤', '‡πÅ‡∏û‡∏á']",,2,-1
34,‡πÇ‡∏õ‡∏£‡πÅ‡∏ï‡πâ‡∏°‡∏°‡∏£‡∏∂‡∏á‡∏´‡∏°‡∏î‡πÄ‡∏£‡πá‡∏ß‡πÑ‡∏õ‡∏ô‡∏∞ ‡πÄ‡∏´‡∏°‡∏∑‡∏≠‡∏ô limit net ‡∏°‡∏∑‡∏≠‡∏ñ‡∏∑‡∏≠ ... 5 ‡∏ß‡∏±‡∏ô‡∏´‡∏°‡∏î‡∏≠‡∏¥‡∏î‡∏≠‡∏Å,"['‡πÄ‡∏´‡∏°‡∏∑‡∏≠‡∏ô', '‡∏°‡∏∑‡∏≠‡∏ñ‡∏∑‡∏≠', '‡∏≠‡∏¥‡∏î‡∏≠‡∏Å']",,11,-1
35,‡πÉ‡∏ä‡πâ‡∏™‡∏¥‡∏ó‡∏ò‡∏¥‡πå‡∏ó‡∏£‡∏π 1 ‡πÅ‡∏ñ‡∏° 1 ‡∏ä‡πà‡∏ß‡∏¢‡πÄ‡∏û‡∏¥‡πà‡∏° ‡∏ä‡∏≤‡πÑ‡∏ó‡∏¢ ‡πÇ‡∏≠‡πÄ‡∏•‡∏µ‡πâ‡∏¢‡∏á‡∏î‡πâ‡∏ß‡∏¢‡πÑ‡∏î‡πâ‡πÑ‡∏´‡∏°  ‡∏¢‡∏≠‡∏°‡∏à‡πà‡∏≤‡∏¢‡πÅ‡∏Å‡πâ‡∏ß‡πÅ‡∏£‡∏Å‡πÅ‡∏û‡∏á ‡πÄ‡∏•‡∏∑‡∏≠‡∏Å‡πÅ‡∏Å‡πâ‡∏ß‡∏ó‡∏µ‡πà‡∏™‡∏≠‡∏á‡πÄ‡∏õ‡πá‡∏ô‡∏ä‡∏≤‡πÑ‡∏ó‡∏¢‡∏Å‡πá‡πÑ‡∏°‡πÑ‡∏î‡πâ ‡πÑ‡∏£‡πÅ‡∏ß‡πä,"['‡∏™‡∏¥‡∏ó‡∏ò‡∏¥‡πå', '‡∏ó‡∏£‡∏π', '‡πÅ‡∏ñ‡∏°', '‡∏ä‡∏≤‡πÑ‡∏ó‡∏¢', '‡πÑ‡∏´‡∏°', '‡∏à‡πà‡∏≤‡∏¢', '‡πÅ‡∏Å‡πâ‡∏ß', '‡πÅ‡∏û‡∏á', '‡πÅ‡∏Å‡πâ‡∏ß', '‡∏™‡∏≠‡∏á', '‡∏ä‡∏≤', '‡πÑ‡∏ó‡∏¢', '‡πÑ‡∏°']",,11,-1
36,‡∏™‡∏¥‡∏ó‡∏ò‡∏¥‡πå‡πÄ‡∏ï‡πá‡∏°‡πÄ‡∏£‡πá‡∏ß‡πÄ‡∏´‡∏•‡∏∑‡∏≠‡πÄ‡∏Å‡∏¥‡∏ô ‡πÅ‡∏ñ‡∏°‡∏£‡πâ‡∏≤‡∏ô ‡∏™‡∏≤‡∏Ç‡∏≤ Jusmine Asok ‡∏°‡∏µ‡πÑ‡∏°‡πà‡∏£‡πà‡∏ß‡∏°‡πÇ‡∏õ‡∏£‡∏î‡πâ‡∏ß‡∏¢‡∏ô‡∏∞ ‡∏≠‡∏∞‡πÑ‡∏£‡∏Å‡∏±‡∏ô ‡∏Å‡πá true coffee ‡πÄ‡∏´‡∏°‡∏∑‡∏≠‡∏ô‡∏Å‡∏±‡∏ô‡πÑ‡∏°‡πà‡πÉ‡∏ä‡πà‡∏´‡∏£‡∏≠,"['‡∏™‡∏¥‡∏ó‡∏ò‡∏¥‡πå', '‡πÄ‡∏ï‡πá‡∏°', '‡πÅ‡∏ñ‡∏°', '‡∏£‡πâ‡∏≤‡∏ô', '‡∏™‡∏≤‡∏Ç‡∏≤', '‡πÇ‡∏õ‡∏£', '‡πÄ‡∏´‡∏°‡∏∑‡∏≠‡∏ô', '‡∏´‡∏£‡∏≠']",,6,-1
37,‡∏õ‡∏£‡∏±‡∏ö‡∏õ‡∏£‡∏∏‡∏á‡∏Ñ‡πà‡∏∞ ‡∏Ç‡∏¢‡∏≤‡∏¢‡∏≠‡∏≠‡∏Å‡∏°‡∏≤‡∏à‡∏≤‡∏Å‡∏´‡πâ‡∏≤‡∏á‡∏ö‡πâ‡∏≤‡∏á ‡∏à‡∏≤‡∏Å‡∏ï‡∏±‡∏ß‡∏≠‡∏≠‡∏ü‡∏ü‡∏¥‡∏ï‡∏ö‡πâ‡∏≤‡∏á ‡∏°‡∏≤‡∏≠‡∏¢‡∏π‡πà‡∏õ‡∏±‡πâ‡∏°‡∏ô‡πâ‡∏≥‡∏°‡∏±‡∏ô‡∏ö‡πâ‡∏≤‡∏á‡∏™‡∏¥‡∏Ñ‡∏∞ ‡∏´‡∏≤‡∏Å‡∏¥‡∏ô‡∏¢‡∏≤‡∏Å ‡∏≠‡∏£‡πà‡∏≠‡∏¢‡πÅ‡∏•‡πâ‡∏ß‡∏ï‡πâ‡∏≠‡∏á‡∏Ç‡∏¢‡∏≤‡∏¢‡∏™‡∏≤‡∏Ç‡∏≤‡∏Ñ‡πà‡∏∞!!!!,"['‡∏õ‡∏£‡∏±‡∏ö‡∏õ‡∏£‡∏∏‡∏á', '‡∏Ç‡∏¢‡∏≤‡∏¢', '‡∏´‡πâ‡∏≤‡∏á', '‡∏ï‡∏±‡∏ß', '‡∏™‡∏¥', '‡∏≠‡∏£‡πà‡∏≠‡∏¢', '‡∏Ç‡∏¢‡∏≤‡∏¢', '‡∏™‡∏≤‡∏Ç‡∏≤']",,11,-1
38,‡∏™‡∏±‡∏ç‡∏ç‡∏≤‡∏ì‡πÄ‡∏ô‡πá‡∏ï‡πÑ‡∏°‡πà‡∏Ñ‡πà‡∏≠‡∏¢‡∏î‡∏µ‡πÄ‡∏•‡∏¢ ‡∏ï‡∏±‡∏î‡∏ö‡πà‡∏≠‡∏¢‡∏´‡∏•‡∏∏‡∏î‡∏ö‡πà‡∏≠‡∏¢‡∏≠‡πà‡∏≤‡∏ß.. ‡∏Ñ‡∏ô‡∏•‡∏∞‡∏≠‡∏¢‡πà‡∏≤‡∏á‡∏Å‡∏±‡∏ô‡πÄ‡∏´‡∏£‡∏≠ ‡πÇ‡∏ó‡∏©‡πÜ‡πÜ,"['‡∏™‡∏±‡∏ç‡∏ç‡∏≤‡∏ì', '‡πÄ‡∏ô‡πá‡∏ï', '‡∏î‡∏µ', '‡∏ï‡∏±‡∏î', '‡∏´‡∏•‡∏∏‡∏î', '‡∏Ñ‡∏ô', '‡πÄ‡∏´‡∏£‡∏≠']",,11,-1
39,‡πÑ‡∏°‡πà‡∏°‡∏µ‡∏Ñ‡∏ß‡∏≤‡∏°‡πÄ‡∏´‡πá‡∏ô ‡πÄ‡∏û‡∏£‡∏≤‡∏∞‡∏Å‡∏¥‡∏ô‡πÅ‡∏Ñ‡πà‡∏Ñ‡∏£‡∏±‡πâ‡∏á‡πÄ‡∏î‡∏µ‡∏¢‡∏ß‡∏Å‡πá‡πÑ‡∏°‡πà‡πÄ‡∏Ñ‡∏¢‡∏ã‡∏∑‡πâ‡∏≠‡∏Å‡∏¥‡∏ô‡∏≠‡∏µ‡∏Å‡∏£‡∏≠‡∏ö‡∏ó‡∏µ‡πà 2 ‡∏ö‡πä‡∏≤‡∏¢‡∏¢‡∏¢‡∏¢‡∏¢,"['‡∏Å‡∏¥‡∏ô', '‡∏ã‡∏∑‡πâ‡∏≠', '‡∏Å‡∏¥‡∏ô']",,1,-1
40,‡∏ä‡∏≤‡πÄ‡∏¢‡πá‡∏ô‡∏≠‡∏£‡πà‡∏≠‡∏¢‡∏°‡∏≤‡∏Å‡∏Ñ‡πà‡∏∞ ‡πÅ‡∏ï‡πà‡∏ö‡∏≤‡∏á‡∏ó‡∏µ‡∏Å‡πá‡∏´‡∏ß‡∏≤‡∏ô‡πÑ‡∏õ ‡πÅ‡∏•‡πâ‡∏ß‡πÅ‡∏ï‡πà‡∏°‡∏∑‡∏≠‡∏Ñ‡∏ô‡∏ä‡∏á ‡∏£‡∏≤‡∏Ñ‡∏≤ 60-. ‡∏Å‡πá‡∏û‡∏≠‡πÑ‡∏î‡πâ‡∏Ñ‡πà‡∏∞,"['‡∏ä‡∏≤‡πÄ‡∏¢‡πá‡∏ô', '‡∏≠‡∏£‡πà‡∏≠‡∏¢', '‡∏´‡∏ß‡∏≤‡∏ô', '‡∏°‡∏∑‡∏≠', '‡∏Ñ‡∏ô', '‡∏£‡∏≤‡∏Ñ‡∏≤']",,11,-1
41,‡∏ö‡∏≤‡∏£‡∏¥‡∏™‡∏ï‡πâ‡∏≤ ‡∏¢‡∏±‡∏á‡πÑ‡∏°‡πà‡πÑ‡∏î‡πâ‡∏°‡∏≤‡∏ï‡∏£‡∏ê‡∏≤‡∏ô ! ‡∏î‡∏µ‡∏≠‡∏¢‡πà‡∏≤‡∏á‡πÄ‡∏î‡∏µ‡∏¢‡∏ß‡∏Ñ‡∏∑‡∏≠‡πÉ‡∏ä‡πâ‡∏™‡∏¥‡∏ó‡∏ò‡∏¥‡πå ‡∏û‡∏ß‡∏Å ‡∏ó‡∏£‡∏π‡∏¢‡∏π ‡∏´‡∏£‡∏∑‡∏≠‡∏û‡∏ß‡∏Å‡∏û‡∏≠‡∏¢‡∏ó‡πå ‡∏°‡∏≤‡πÄ‡∏õ‡πá‡∏ô‡∏™‡πà‡∏ß‡∏ô‡∏•‡∏î‡∏û‡∏ß‡∏Å‡πÄ‡∏°‡∏ô‡∏π‡∏ó‡∏µ‡πà‡∏≠‡∏£‡πà‡∏≠‡∏¢‡πÜ ‡∏ä‡∏≠‡∏ö‡∏°‡∏≤‡πÅ‡∏õ‡πä‡∏ö‡πÜ ‡πÅ‡∏•‡πâ‡∏ß ‡∏´‡∏≤‡∏¢‡πÑ‡∏õ !,"['‡∏î‡∏µ', '‡∏™‡∏¥‡∏ó‡∏ò‡∏¥‡πå', '‡∏•‡∏î', '‡πÄ‡∏°‡∏ô‡∏π', '‡∏≠‡∏£‡πà‡∏≠‡∏¢', '‡∏ä‡∏≠‡∏ö', '‡πÅ‡∏õ‡πä‡∏ö', '‡∏´‡∏≤‡∏¢']",,11,-1
42,‡∏ï‡∏±‡∏ß‡∏≠‡∏±‡∏Å‡∏©‡∏£‡πÉ‡∏´‡∏ç‡πà‡πÜ ‡∏°‡∏≠‡∏á‡πÄ‡∏°‡∏ô‡∏π‡πÑ‡∏°‡πà‡∏ä‡∏±‡∏î ‡πÑ‡∏°‡πà‡∏Å‡∏•‡πâ‡∏≤‡∏™‡∏±‡πà‡∏á ‡∏Å‡∏•‡∏±‡∏ß‡∏™‡∏±‡πà‡∏á‡∏ú‡∏¥‡∏î‡∏•‡∏∞‡πÄ‡∏Ç‡∏¥‡∏ô‡∏ô 555+,"['‡∏ï‡∏±‡∏ß', '‡πÄ‡∏°‡∏ô‡∏π', '‡∏ä‡∏±‡∏î', '‡∏Å‡∏•‡πâ‡∏≤', '‡∏™‡∏±‡πà‡∏á', '‡∏Å‡∏•‡∏±‡∏ß', '‡∏™‡∏±‡πà‡∏á']",,11,-1
43,‡πÄ‡∏ô‡πä‡∏ï‡∏ö‡πâ‡∏≤‡∏ô‡∏ô‡∏¥‡πà‡∏á‡∏°‡∏≤‡∏Å‡πÄ‡∏´‡∏°‡∏∑‡∏≠‡∏ô‡∏£‡∏™‡∏ä‡∏≤‡∏ï‡∏¥‡∏î‡∏π‡∏î‡πÅ‡∏•‡πâ‡∏ß‡πÑ‡∏°‡πà‡∏£‡∏π‡πâ‡∏≠‡∏≤‡∏£‡∏°‡∏ì‡πå‡∏à‡∏∞‡πÑ‡∏õ‡∏ó‡∏≤‡∏á‡πÑ‡∏´‡∏ô ‡∏à‡∏∞‡∏Ç‡∏°‡∏Å‡πá‡πÑ‡∏°‡πà‡πÉ‡∏ä‡πà ‡∏à‡∏∞‡∏´‡∏ß‡∏≤‡∏ô‡∏Å‡πá‡πÑ‡∏°‡πà‡∏°‡∏µ‡πÄ‡∏ï‡∏¥‡∏°‡∏ô‡πâ‡∏≥‡πÄ‡∏ä‡∏∑‡πà‡∏≠‡∏°‡∏Å‡πá‡πÅ‡∏•‡πâ‡∏ß ‡∏ó‡∏µ‡πà‡∏™‡∏≥‡∏Ñ‡∏±‡∏ç‡∏Å‡∏¥‡∏ô‡πÄ‡∏™‡∏£‡πá‡∏à‡∏Ç‡∏µ‡πâ‡πÅ‡∏ï‡∏Å...‡∏ö‡∏≤‡∏¢,"['‡∏ö‡πâ‡∏≤‡∏ô', '‡πÄ‡∏´‡∏°‡∏∑‡∏≠‡∏ô', '‡∏£‡∏™‡∏ä‡∏≤‡∏ï‡∏¥', '‡∏î‡∏π‡∏î', '‡∏£‡∏π‡πâ', '‡∏≠‡∏≤‡∏£‡∏°‡∏ì‡πå', '‡∏Ç‡∏°', '‡∏´‡∏ß‡∏≤‡∏ô', '‡∏ô‡πâ‡∏≥', '‡∏Å‡∏¥‡∏ô', '‡∏Ç‡∏µ‡πâ']",,11,-1
44,‡∏£‡∏≤‡∏Ñ‡∏≤‡∏™‡∏π‡∏á ‡∏™‡∏¥‡∏ó‡∏ò‡∏¥‡πÅ‡∏•‡∏Å‡∏û‡πâ‡∏≠‡∏¢‡∏ó‡πå‡∏ô‡πâ‡∏≠‡∏¢‡∏°‡∏≤‡∏Å ‡πÄ‡∏ä‡πâ‡∏≤‡∏°‡∏≤‡∏Å‡πá‡πÄ‡∏ï‡πá‡∏°‡πÅ‡∏•‡πâ‡∏ß  ‡∏à‡∏£‡∏¥‡∏á‡πÜ‡πÉ‡∏Ñ‡∏£‡∏°‡∏µ‡∏û‡πâ‡∏≠‡∏¢‡πÄ‡∏ó‡πà‡∏≤‡πÑ‡∏£‡∏Å‡πá‡∏ô‡πà‡∏≤‡∏à‡∏∞‡πÅ‡∏•‡∏Å‡πÑ‡∏î‡πâ‡∏´‡∏°‡∏î ‡πÅ‡∏ï‡πà‡∏ô‡∏µ‡πà‡∏à‡∏≥‡∏Å‡∏±‡∏î 200‡∏™‡∏¥‡∏ó‡∏ò‡∏¥‡πå‡∏ï‡πà‡∏≠‡∏ß‡∏±‡∏ô ‡∏™‡∏≤‡∏Ç‡∏≤‡∏ó‡∏µ‡πà‡∏°‡∏µ‡∏°‡∏±‡∏ô‡πÄ‡∏Å‡∏¥‡∏ô  200 ‡πÅ‡∏•‡πâ‡∏ß‡∏Ñ‡πà‡∏∞,"['‡∏£‡∏≤‡∏Ñ‡∏≤', '‡∏™‡∏¥‡∏ó‡∏ò‡∏¥', '‡πÄ‡∏ï‡πá‡∏°', '‡∏û‡πâ‡∏≠‡∏¢', '‡πÅ‡∏•‡∏Å', '‡∏™‡∏¥‡∏ó‡∏ò‡∏¥‡πå', '‡∏™‡∏≤‡∏Ç‡∏≤']",,11,-1
45,‡∏ö‡∏≠‡∏Å‡∏û‡∏ô‡∏±‡∏Å‡∏á‡∏á‡∏≤‡∏ô‡∏ä‡∏á‡∏Å‡∏≤‡πÅ‡∏ü‡∏ó‡∏≥‡∏´‡∏ô‡πâ‡∏≤‡∏ï‡∏≤‡∏î‡∏µ‡πÜ ‡πÄ‡∏•‡∏¥‡∏Å‡∏Å‡∏£‡∏∞‡πÅ‡∏ó‡∏Å‡πÅ‡∏Å‡πâ‡∏ß‡∏™‡∏±‡∏Å‡∏ó‡∏µ ‡πÄ‡∏ß‡∏•‡∏≤‡∏™‡πà‡∏á‡∏Ñ‡∏∑‡∏ô‡∏•‡∏π‡∏Å‡∏Ñ‡πâ‡∏≤‡πÄ‡∏¢‡∏≠‡∏∞‡πÜ‡∏≠‡πà‡∏∞ ‡∏•‡∏∞‡∏Å‡πá‡∏ä‡πà‡∏ß‡∏¢‡∏ó‡∏≥‡∏Ñ‡∏≠‡∏°‡πÄ‡∏°‡πâ‡∏ô‡∏•‡∏π‡∏Å‡∏Ñ‡πâ‡∏≤‡πÉ‡∏´‡πâ‡∏°‡∏±‡∏ô‡πÄ‡∏õ‡πá‡∏ô‡∏ï‡∏≤‡∏°‡∏ó‡∏µ‡πà‡∏Ç‡∏≠‡∏î‡πâ‡∏ß‡∏¢‡∏≠‡∏¥‡πÄ‡∏ß‡∏ô,"['‡∏á‡∏≤‡∏ô', '‡∏ä‡∏á', '‡∏Å‡∏≤‡πÅ‡∏ü', '‡∏ó‡∏≥', '‡∏´‡∏ô‡πâ‡∏≤‡∏ï‡∏≤', '‡∏î‡∏µ', '‡πÄ‡∏•‡∏¥‡∏Å', '‡πÅ‡∏Å‡πâ‡∏ß', '‡∏™‡∏±‡∏Å', '‡πÄ‡∏ß‡∏•‡∏≤', '‡∏Ñ‡∏∑‡∏ô', '‡∏•‡∏π‡∏Å‡∏Ñ‡πâ‡∏≤', '‡∏≠‡πà‡∏∞', '‡∏ó‡∏≥', '‡∏•‡∏π‡∏Å‡∏Ñ‡πâ‡∏≤']",,11,-1
46,"‡∏≠‡∏¢‡πà‡∏≤‡∏á‡∏ô‡πâ‡∏≠‡∏¢ Black tae latte ‡πÅ‡∏ö‡∏ö ‡∏ô‡∏° Low fat, No sugar ‡∏Ç‡∏≠‡∏á‡∏ó‡∏µ‡πà‡∏ô‡∏µ‡πà‡∏Å‡πá‡∏≠‡∏£‡πà‡∏≠‡∏¢‡∏Å‡∏ß‡πà‡∏≤‡πÅ‡∏ö‡∏£‡∏ô‡∏î‡πå‡∏ô‡∏≤‡∏á‡πÄ‡∏á‡∏∑‡∏≠‡∏Å ‡πÅ‡∏•‡∏∞‡∏õ‡πà‡∏≤‡∏î‡∏á‡∏î‡∏¥‡∏ö ‡∏´‡∏£‡∏∑‡∏≠‡∏°‡∏µ‡πÉ‡∏Ñ‡∏£‡πÄ‡∏Ñ‡∏¢‡∏Å‡∏¥‡∏ô‡πÄ‡∏°‡∏ô‡∏π‡∏õ‡∏£‡∏∞‡∏°‡∏≤‡∏ì‡∏ô‡∏µ‡πâ‡∏Ç‡∏≠‡∏á‡πÅ‡∏ö‡∏£‡∏ô‡∏î‡πå‡∏≠‡∏∑‡πà‡∏ô‡πÜ ‡πÅ‡∏•‡πâ‡∏ß‡∏≠‡∏£‡πà‡∏≠‡∏¢‡∏Å‡∏ß‡πà‡∏≤‡∏ô‡∏µ‡πâ‡∏°‡∏±‡πä‡∏¢‡∏Ñ‡∏∞","['‡∏ô‡∏°', '‡∏≠‡∏£‡πà‡∏≠‡∏¢', '‡πÅ‡∏ö‡∏£‡∏ô‡∏î‡πå', '‡∏ô‡∏≤‡∏á‡πÄ‡∏á‡∏∑‡∏≠‡∏Å', '‡∏Å‡∏¥‡∏ô', '‡πÄ‡∏°‡∏ô‡∏π', '‡πÅ‡∏ö‡∏£‡∏ô‡∏î‡πå', '‡∏≠‡∏£‡πà‡∏≠‡∏¢']",,2,-1
47,‡πÄ‡∏≠‡∏≤‡∏û‡∏≠‡∏¢‡πå‡∏ã‡∏ó‡∏£‡∏π ‡πÅ‡∏•‡∏Å‡∏Å‡∏≤‡πÅ‡∏ü ‡∏á‡∏á‡∏ß‡πà‡∏≤‡∏û‡∏≠‡∏¢‡πå‡∏ã‡∏Å‡πá‡∏û‡∏≠‡∏¢‡πå‡∏ã‡∏Å‡∏π ‡πÅ‡∏ï‡πà‡πÄ‡∏™‡∏∑‡∏≠‡∏Å‡∏ö‡∏≠‡∏Å‡∏ß‡πà‡∏≤‡∏™‡∏¥‡∏ó‡∏ò‡∏¥‡πå‡πÄ‡∏ï‡πá‡∏°‡πÇ‡∏Ñ‡∏ß‡∏ï‡πâ‡∏≤‡πÅ‡∏•‡πâ‡∏ß‡∏ô‡∏∞‡∏Ñ‡πà‡∏∞ ‡∏°‡∏∂‡∏á‡πÉ‡∏´‡πâ‡∏™‡∏¥‡∏ó‡∏ò‡∏¥‡πå‡∏û‡∏≠‡∏¢‡πå‡∏ã‡πÅ‡∏•‡∏Å‡πÄ‡∏î‡∏∑‡∏≠‡∏ô‡∏•‡∏∞10‡πÅ‡∏Å‡πâ‡∏ß ‡∏´‡∏£‡∏≠‡πÑ‡∏≠‡πâ‡∏ó‡∏£‡∏π,"['‡πÅ‡∏•‡∏Å', '‡∏Å‡∏≤‡πÅ‡∏ü', '‡∏á‡∏á', '‡∏™‡∏¥‡∏ó‡∏ò‡∏¥‡πå', '‡πÄ‡∏ï‡πá‡∏°', '‡∏™‡∏¥‡∏ó‡∏ò‡∏¥‡πå', '‡πÅ‡∏•‡∏Å', '‡πÄ‡∏î‡∏∑‡∏≠‡∏ô', '‡∏´‡∏£‡∏≠', '‡πÑ‡∏≠‡πâ', '‡∏ó‡∏£‡∏π']",,6,-1
48,‡∏£‡∏≤‡∏Ñ‡∏≤‡∏ó‡∏µ‡πà‡∏ï‡∏±‡πâ‡∏á‡∏ô‡∏µ‡πà ‡πÄ‡∏û‡∏∑‡πà‡∏¥‡∏≠ ‡∏Ç‡∏≤‡∏¢‡∏ô‡∏¥‡∏• ‡∏≠‡∏≤‡∏£‡πå‡∏°‡∏™‡∏ï‡∏£‡∏≠‡∏á‡∏ó‡∏µ‡πà‡∏î‡∏ß‡∏á‡∏à‡∏±‡∏ô‡∏ó‡∏£‡πå ‡∏´‡∏£‡∏∑‡∏≠ ‡∏ô‡∏±‡∏Å‡∏ö‡∏¥‡∏ô‡∏≠‡∏ß‡∏Å‡∏≤‡∏®‡∏ó‡∏µ‡πà‡∏Å‡∏£‡∏∞‡∏™‡∏ß‡∏¢‡∏ô‡∏≤‡∏ã‡πà‡∏≤‡πÄ‡∏´‡∏£‡∏≠  ....,"['‡∏£‡∏≤‡∏Ñ‡∏≤', '‡∏î‡∏ß‡∏á', '‡∏à‡∏±‡∏ô‡∏ó‡∏£‡πå', '‡πÄ‡∏´‡∏£‡∏≠']",,11,-1
49,‡∏Ñ‡∏ß‡∏£‡∏Ç‡∏¢‡∏≤‡∏¢‡∏™‡∏≤‡∏Ç‡∏≤‡∏°‡∏≤‡∏•‡∏≥‡∏õ‡∏≤‡∏á‡πÄ‡∏û‡∏£‡∏≤‡∏∞‡∏≠‡∏¢‡∏≤‡∏Å‡∏Å‡∏¥‡∏ô‡∏°‡∏≤‡∏Å‡∏ó‡∏µ‡πà‡∏ô‡∏µ‡πâ‡πÑ‡∏°‡πà‡∏°‡∏µ ‡∏à‡∏∞‡∏£‡πâ‡∏≠‡∏á‡πÑ‡∏´‡πâ ‡∏≠‡∏¢‡∏∏‡πà‡∏Å‡∏ó‡∏°.‡∏Å‡∏¥‡∏ô‡∏ó‡∏∏‡∏Å‡∏ß‡∏±‡∏ô‡πÄ‡∏•‡∏¢,"['‡∏Ç‡∏¢‡∏≤‡∏¢', '‡∏™‡∏≤‡∏Ç‡∏≤', '‡∏Å‡∏¥‡∏ô']",,11,-1
50,‡πÄ‡∏Ñ‡∏¢‡∏ó‡∏≥‡∏á‡∏≤‡∏ô‡∏ó‡∏£‡∏π ‡∏ß‡∏±‡∏ï‡∏ñ‡∏∏‡∏î‡∏¥‡∏ô‡∏ï‡πà‡∏≤‡∏á‡πÜ‡∏ó‡∏µ‡πà‡πÉ‡∏ä‡πâ‡∏ó‡∏≥‡∏°‡∏µ‡πÅ‡∏ï‡πà‡∏Ç‡∏≠‡∏á‡∏Ñ‡∏∏‡∏ì‡∏†‡∏≤‡∏û‡∏ó‡∏±‡πâ‡∏á‡∏ô‡∏±‡πâ‡∏ô ‡πÄ‡∏°‡∏•‡πá‡∏î‡∏Å‡∏≤‡πÅ‡∏ü‡πÄ‡∏õ‡πá‡∏ô‡∏•‡∏±‡∏á‡πÜ‡∏Å‡πá‡πÄ‡∏Ñ‡∏¢‡∏ó‡∏¥‡πâ‡∏á‡∏°‡∏≤‡πÅ‡∏•‡πâ‡∏ß‡πÅ‡∏Ñ‡πà‡∏°‡∏î‡πÄ‡∏à‡∏≤‡∏∞‡∏ñ‡∏∏‡∏á‡πÄ‡∏î‡∏µ‡∏¢‡∏ß,"['‡∏ó‡∏≥', '‡∏á‡∏≤‡∏ô', '‡∏ó‡∏£‡∏π', '‡∏ó‡∏≥', '‡∏Ñ‡∏∏‡∏ì‡∏†‡∏≤‡∏û', '‡∏Å‡∏≤‡πÅ‡∏ü', '‡∏ó‡∏¥‡πâ‡∏á', '‡∏ñ‡∏∏‡∏á']",,11,-1
51,‡∏à‡∏∞‡πÉ‡∏ä‡πâ pro ‡∏ó‡∏µ‡πÑ‡∏£ ‡∏ï‡πâ‡∏≠‡∏á‡πÑ‡∏õ‡∏ß‡∏±‡∏î‡∏î‡∏ß‡∏á‡∏´‡∏ô‡πâ‡∏≤ counter ‡∏ß‡πà‡∏≤ ‡∏à‡∏∞‡πÄ‡∏ï‡πá‡∏°‡πÑ‡∏°‡πà‡πÄ‡∏ï‡πá‡∏° ‡∏à‡∏∞‡πÑ‡∏î‡πâ‡∏•‡∏î ‡∏´‡∏£‡∏∑‡∏≠‡∏à‡πà‡∏≤‡∏¢‡πÄ‡∏ï‡πá‡∏°‡∏£‡∏≤‡∏Ñ‡∏≤ ‡πÅ‡∏•‡πâ‡∏ß True Wifi ‡∏Å‡πá ‡πÉ‡∏ä‡πâ‡πÑ‡∏î‡πâ‡∏ö‡πâ‡∏≤‡∏á ‡πÑ‡∏°‡πà‡πÑ‡∏î‡πâ‡∏™‡∏∞‡∏°‡∏≤‡∏Å‡∏Å‡∏ß‡πà‡∏≤‡πÑ‡∏î‡πâ,"['‡∏î‡∏ß‡∏á', '‡∏´‡∏ô‡πâ‡∏≤', '‡πÄ‡∏ï‡πá‡∏°', '‡πÄ‡∏ï‡πá‡∏°', '‡∏•‡∏î', '‡∏à‡πà‡∏≤‡∏¢', '‡πÄ‡∏ï‡πá‡∏°', '‡∏£‡∏≤‡∏Ñ‡∏≤']",,6,-1
52,‡∏ï‡∏≠‡∏ô‡∏õ‡∏£‡∏±‡∏ö‡πÇ‡∏õ‡∏£‡πÉ‡∏´‡∏°‡πà‡πÄ‡∏î‡∏∑‡∏≠‡∏ô‡πÄ‡πÄ‡∏£‡∏Å‡πÄ‡∏ô‡∏ï‡∏≠‡∏¢‡πà‡∏≤‡∏á‡πÄ‡πÄ‡∏£‡∏á ‡∏ú‡πà‡∏≤‡∏ô‡πÑ‡∏õ‡∏™‡∏±‡∏Å‡∏û‡∏±‡∏Å ‡∏ä‡πâ‡∏≤‡πÇ‡∏Ñ‡∏ï‡∏£ ‡∏™‡πà‡∏ß‡∏ô‡∏Å‡∏≤‡πÄ‡πÄ‡∏ü‡∏á‡∏±‡πâ‡∏ô‡πÜ ‡∏£‡∏≤‡∏Ñ‡∏≤‡πÄ‡πÄ‡∏û‡∏á‡πÑ‡∏õ,"['‡∏ï‡∏≠‡∏ô', '‡πÇ‡∏õ‡∏£', '‡πÄ‡∏î‡∏∑‡∏≠‡∏ô', '‡∏™‡∏±‡∏Å', '‡πÇ‡∏Ñ‡∏ï‡∏£', '‡∏á‡∏±‡πâ‡∏ô', '‡∏£‡∏≤‡∏Ñ‡∏≤']",,11,-1
53,‡∏•‡∏≠‡∏á‡πÉ‡∏ä‡πâ‡πÅ‡∏ï‡πâ‡∏°‡πÅ‡∏•‡∏Å‡∏™‡∏¥ ‡∏û‡∏ô‡∏±‡∏Å‡∏á‡∏≤‡∏ô‡∏à‡∏∞‡∏ö‡∏≠‡∏Å‡∏ß‡πà‡∏≤‡πÄ‡∏ï‡πá‡∏°‡πÅ‡∏•‡πâ‡∏ß‡πÅ‡∏•‡πâ‡∏ß‡∏à‡∏∞‡∏≠‡∏≠‡∏Å‡πÇ‡∏õ‡∏£‡πÇ‡∏°‡∏ä‡∏±‡πà‡∏ô‡∏°‡∏≤‡πÄ‡∏û‡∏∑‡πà‡∏≠‡∏≠‡∏∞‡πÑ‡∏£,"['‡∏•‡∏≠‡∏á', '‡πÅ‡∏ï‡πâ‡∏°', '‡πÅ‡∏•‡∏Å', '‡∏™‡∏¥', '‡∏û‡∏ô‡∏±‡∏Å‡∏á‡∏≤‡∏ô', '‡πÄ‡∏ï‡πá‡∏°', '‡πÇ‡∏õ‡∏£‡πÇ‡∏°‡∏ä‡∏±‡πà‡∏ô']",,11,-1
54,‡∏û‡∏ô‡∏á.‡∏ô‡πà‡∏≤‡∏£‡∏±‡∏Å‡πÜ ‡πÄ‡∏¢‡∏≠‡∏∞‡∏ô‡∏∞ ‡πÅ‡∏ï‡πà‡πÄ‡∏û‡∏£‡∏≤‡∏∞‡∏ä‡∏∑‡πà‡∏≠ ‡∏ó‡∏£‡∏π ‡∏ô‡∏µ‡πà‡πÅ‡∏´‡∏•‡∏∞‡∏ï‡∏£‡∏π‡πÄ‡∏•‡∏¢‡πÑ‡∏°‡πà‡πÄ‡∏Ç‡πâ‡∏≤ 5555,"['‡∏û‡∏ô‡∏á', '‡∏ä‡∏∑‡πà‡∏≠', '‡∏ó‡∏£‡∏π']",,11,-1
55,‡∏õ‡∏£‡∏±‡∏ö‡∏õ‡∏£‡∏∏‡∏á‡πÄ‡∏£‡∏∑‡πà‡∏≠‡∏á‡πÄ‡∏ô‡πá‡∏ï‡∏ö‡πâ‡∏≤‡∏ô ‡∏™‡∏°‡∏±‡∏Ñ‡∏£ 50/mb ‡πÄ‡∏´‡∏°‡∏∑‡∏≠‡∏ô‡∏°‡∏≤‡πÅ‡∏Ñ‡πà 10/mb ‡πÄ‡∏î‡πâ‡∏ß‡∏™‡∏±‡∏ç‡∏ç‡∏≤‡∏ô‡∏Ç‡∏≤‡∏î‡∏ö‡πâ‡∏≤‡∏á ‡∏Ç‡∏∂‡πâ‡∏ô‡∏™‡∏µ‡πÅ‡∏î‡∏á‡∏ó‡∏µ‡πà‡∏£‡∏≤‡∏ß‡πÄ‡∏ï‡∏≠‡∏£‡πå‡∏ö‡πâ‡∏≤‡∏á #‡πÑ‡∏°‡πà‡πÄ‡∏Å‡∏µ‡πà‡∏¢‡∏ß‡∏Å‡∏±‡∏ö‡∏Å‡∏≤‡πÅ‡∏ü ‡πÅ‡∏ï‡πà‡∏°‡∏±‡∏ô‡∏≠‡∏¢‡∏π‡πà‡∏ó‡∏µ‡πà‡πÄ‡∏î‡∏µ‡∏¢‡∏™‡∏Å‡∏±‡∏ô,"['‡∏õ‡∏£‡∏±‡∏ö‡∏õ‡∏£‡∏∏‡∏á', '‡πÄ‡∏£‡∏∑‡πà‡∏≠‡∏á', '‡πÄ‡∏ô‡πá‡∏ï', '‡πÄ‡∏´‡∏°‡∏∑‡∏≠‡∏ô', '‡∏™‡∏±‡∏ç‡∏ç‡∏≤‡∏ô', '‡∏™‡∏µ', '‡πÄ‡∏Å‡∏µ‡πà‡∏¢‡∏ß', '‡∏Å‡∏≤‡πÅ‡∏ü']",,11,-1
56,‡πÄ‡∏£‡∏≤‡πÄ‡∏õ‡πá‡∏ô‡∏•‡∏π‡∏Å‡∏Ñ‡πâ‡∏≤‡∏ó‡∏£‡∏π‡∏Ñ‡πà‡∏∞ ‡∏ä‡∏≠‡∏ö‡∏ó‡∏≤‡∏ô ‡∏ã‡∏¥‡∏Å‡πÄ‡∏ô‡πÄ‡∏à‡∏≠‡∏£‡πå ‡∏´‡∏ß‡∏≤‡∏ô‡∏õ‡∏≤‡∏ô‡∏Å‡∏•‡∏≤‡∏á ‡πÅ‡∏•‡∏∞‡∏ä‡∏≤‡πÄ‡∏Ç‡∏µ‡∏¢‡∏ß‡∏°‡∏±‡∏Ñ‡∏Ñ‡∏µ‡∏≠‡∏≤‡πÇ‡∏ï‡πâ‡∏£‡∏™‡∏ä‡∏≤‡∏î‡∏î‡∏µ‡πÉ‡∏ä‡πâ‡∏ö‡∏£‡∏¥‡∏Å‡∏≤‡∏£‡∏ó‡∏£‡∏π‡∏™‡πÄ‡∏ü‡∏µ‡∏¢‡∏£‡πå‡∏ö‡πà‡∏≠‡∏¢ ‡πÅ‡∏•‡∏Å‡πÅ‡∏ï‡πâ‡∏°‡∏ó‡∏≤‡∏ô‡∏õ‡∏£‡∏∞‡∏à‡∏≥ ‡∏™‡∏¥‡∏ó‡∏ò‡∏¥‡∏ï‡∏±‡πã‡∏ß‡∏´‡∏ô‡∏±‡∏á‡πÉ‡∏ä‡πâ‡∏ó‡∏∏‡∏Å‡πÄ‡∏î‡∏∑‡∏≠‡∏ô ‡∏ï‡πâ‡∏≠‡∏á‡∏°‡∏µ‡πÄ‡∏ó‡∏Ñ‡∏ô‡∏¥‡∏Ñ‡∏Å‡∏≤‡∏£‡∏Å‡∏î‡∏ô‡∏∞‡∏Ñ‡∏∞ ‡πÄ‡∏£‡∏≤‡πÄ‡∏Ç‡πâ‡∏≤‡πÉ‡∏à‡πÄ‡∏û‡∏£‡∏≤‡∏∞‡∏Ñ‡∏ô‡πÉ‡∏ä‡πâ‡∏ó‡∏£‡∏π‡πÄ‡∏¢‡∏≠‡∏∞‡∏°‡∏≤‡∏Å ‡πÇ‡∏õ‡∏£‡∏°‡∏≤‡∏£‡∏µ‡∏ö‡∏Å‡∏î‡∏Å‡πà‡∏≠‡∏ô‡πÄ‡∏•‡∏¢ ‡πÅ‡∏ï‡πâ‡∏°‡πÉ‡∏ä‡πâ‡πÅ‡∏•‡∏Å‡∏¢‡∏±‡∏ô‡∏ó‡∏µ‡πà‡πÄ‡∏ã‡πÄ‡∏ß‡πà‡∏ô ‡∏Å‡∏µ‡πà‡∏û‡∏±‡∏ô‡πÅ‡∏ï‡πâ‡∏°‡∏Å‡πá‡πÉ‡∏ä‡πâ‡∏´‡∏°‡∏î‡∏Ñ‡πà‡∏∞ ‡∏Ç‡∏≠‡∏ä‡∏°‡πÄ‡∏ä‡∏¢‡∏ó‡∏£‡∏π‡∏™‡∏≤‡∏Ç‡∏≤‡∏ü‡∏¥‡∏ß‡πÄ‡∏à‡∏≠‡∏£‡πå ‡∏ó‡∏∏‡∏Å‡∏£‡πâ‡∏≤‡∏ô‡∏à‡∏£‡∏¥‡∏á‡πÜ‡∏Ñ‡πà‡∏∞ ‡∏ö‡∏£‡∏¥‡∏Å‡∏≤‡∏£‡∏î‡∏µ‡∏°‡∏≤‡∏Å ‡∏¢‡∏¥‡πâ‡∏°‡πÅ‡∏¢‡πâ‡∏°‡πÅ‡∏à‡πà‡∏°‡πÉ‡∏™ ‡πÄ‡∏î‡∏¥‡∏ô‡πÄ‡∏Ç‡πâ‡∏≤‡πÑ‡∏õ‡∏£‡∏π‡πâ‡πÄ‡∏•‡∏¢ ‡∏ß‡πà‡∏≤‡∏à‡∏∞‡∏™‡∏±‡πà‡∏á‡∏≠‡∏∞‡πÑ‡∏£ ‡πÄ‡∏£‡∏≤‡πÅ‡∏ï‡πà‡∏á‡∏ï‡∏±‡∏ß‡∏ö‡πâ‡∏≤‡∏ô‡πÜ ‡∏¢‡∏±‡∏á‡∏ö‡∏£‡∏¥‡∏Å‡∏≤‡∏£‡∏≠‡∏¢‡πà‡∏≤‡∏á‡∏î‡∏µ‡∏Ñ‡πà‡∏∞,"['‡∏•‡∏π‡∏Å‡∏Ñ‡πâ‡∏≤', '‡∏ó‡∏£‡∏π', '‡∏ä‡∏≠‡∏ö', '‡∏ó‡∏≤‡∏ô', '‡∏ã‡∏¥‡∏Å‡πÄ‡∏ô‡πÄ‡∏à‡∏≠‡∏£‡πå', '‡∏´‡∏ß‡∏≤‡∏ô', '‡∏ä‡∏≤‡πÄ‡∏Ç‡∏µ‡∏¢‡∏ß', '‡∏ö‡∏£‡∏¥‡∏Å‡∏≤‡∏£', '‡∏õ‡∏£‡∏∞‡∏à‡∏≥', '‡∏™‡∏¥‡∏ó‡∏ò‡∏¥', '‡∏´‡∏ô‡∏±‡∏á', '‡πÄ‡∏î‡∏∑‡∏≠‡∏ô', '‡∏Å‡∏î', '‡∏Ñ‡∏ô', '‡∏ó‡∏£‡∏π', '‡∏Å‡∏î', '‡πÅ‡∏ï‡πâ‡∏°', '‡∏û‡∏±‡∏ô', '‡πÅ‡∏ï‡πâ‡∏°', '‡∏ó‡∏£‡∏π', '‡∏™‡∏≤‡∏Ç‡∏≤', '‡∏£‡πâ‡∏≤‡∏ô', '‡∏ö‡∏£‡∏¥‡∏Å‡∏≤‡∏£', '‡∏î‡∏µ', '‡πÄ‡∏î‡∏¥‡∏ô', '‡∏£‡∏π‡πâ', '‡∏™‡∏±‡πà‡∏á', '‡πÅ‡∏ï‡πà‡∏á', '‡∏ï‡∏±‡∏ß', '‡∏ö‡πâ‡∏≤‡∏ô', '‡∏ö‡∏£‡∏¥‡∏Å‡∏≤‡∏£', '‡∏î‡∏µ']",,11,-1
57,‡πÄ‡∏õ‡πá‡∏ô‡∏£‡πâ‡∏≤‡∏ô‡∏ó‡∏µ‡πà‡πÅ‡∏î‡∏Å‡∏Å‡∏≤‡πÅ‡∏ü‡∏£‡πâ‡∏≠‡∏ô‡∏ó‡∏µ‡πÑ‡∏£ ‡πÅ‡∏°‡πà‡∏á‡∏ï‡πâ‡∏≠‡∏á‡∏•‡πâ‡∏ß‡∏Å‡∏•‡∏¥‡πâ‡∏ô‡πÑ‡∏´‡∏°‡πâ‡πÄ‡∏õ‡πá‡∏ô‡πÅ‡∏ú‡∏•‡∏ï‡∏•‡∏≠‡∏î ‡∏ô‡πâ‡∏≥‡∏£‡πâ‡∏≠‡∏ô‡πÄ‡∏≠‡πá‡∏á‡∏à‡∏∞‡∏£‡πâ‡∏≠‡∏ô‡πÑ‡∏õ‡πÑ‡∏´‡∏ô‡∏ß‡∏∞ ‡∏™‡∏á‡∏™‡∏±‡∏¢‡πÅ‡∏°‡πà‡∏á‡πÄ‡∏≠‡∏≤‡∏°‡∏≤‡∏à‡∏≤‡∏Å‡∏ö‡πà‡∏≠‡πÉ‡∏ô‡∏ô‡∏£‡∏Å‡∏ä‡∏±‡∏ß‡∏£‡πå‡πÜ ‡∏ñ‡πâ‡∏≤‡πÄ‡∏≠‡πá‡∏á‡∏£‡πâ‡∏≠‡∏ô‡πÅ‡∏ö‡∏ö‡∏ô‡∏µ‡πâ,"['‡∏£‡πâ‡∏≤‡∏ô', '‡πÅ‡∏î‡∏Å', '‡∏Å‡∏≤‡πÅ‡∏ü', '‡∏£‡πâ‡∏≠‡∏ô', '‡πÅ‡∏°‡πà‡∏á', '‡∏ô‡πâ‡∏≥', '‡∏£‡πâ‡∏≠‡∏ô', '‡∏£‡πâ‡∏≠‡∏ô', '‡πÅ‡∏°‡πà‡∏á', '‡∏£‡πâ‡∏≠‡∏ô']",,0,-1
58,‡∏ó‡∏≤‡∏ô‡∏ó‡∏µ‡πà‡∏°‡∏´‡∏≤‡∏ß‡∏¥‡∏ó‡∏¢‡∏≤‡∏•‡∏±‡∏¢‡πÄ‡∏õ‡πá‡∏ô‡∏°‡∏∏‡∏°‡∏Å‡∏≤‡πÅ‡∏ü‡∏£‡∏™‡∏ä‡∏≤‡∏ï‡∏¥‡∏≠‡∏£‡πà‡∏≠‡∏¢‡∏°‡∏≤‡∏Å ‡∏Å‡∏≤‡πÅ‡∏ü‡∏î‡∏µ‡∏°‡∏≤‡∏Å ‡∏£‡∏≤‡∏Ñ‡∏≤‡∏î‡∏µ‡∏£‡∏±‡∏ö‡πÑ‡∏î‡πâ ‡πÅ‡∏ï‡πà‡∏ñ‡πâ‡∏≤‡πÄ‡∏õ‡πá‡∏ô‡∏£‡πâ‡∏≤‡∏ô‡πÉ‡∏ô‡∏´‡πâ‡∏≤‡∏á‡∏£‡∏≤‡∏Ñ‡∏≤ over ‡πÄ‡∏Å‡∏¥‡∏ô‡πÑ‡∏õ,"['‡∏ó‡∏≤‡∏ô', '‡∏Å‡∏≤‡πÅ‡∏ü', '‡∏£‡∏™‡∏ä‡∏≤‡∏ï‡∏¥', '‡∏≠‡∏£‡πà‡∏≠‡∏¢', '‡∏Å‡∏≤‡πÅ‡∏ü', '‡∏î‡∏µ', '‡∏£‡∏≤‡∏Ñ‡∏≤', '‡∏î‡∏µ', '‡∏£‡πâ‡∏≤‡∏ô', '‡∏´‡πâ‡∏≤‡∏á', '‡∏£‡∏≤‡∏Ñ‡∏≤']",,0,-1
59,‡∏ó‡∏µ‡πà‡∏ô‡∏µ‡πà‡πÄ‡∏£‡∏∑‡πà‡∏≠‡∏á‡∏ö‡∏£‡∏¥‡∏Å‡∏≤‡∏£‡πÄ‡∏•‡∏¢‡∏Ñ‡∏£‡∏±‡∏ö ‡∏û‡∏ô‡∏á.‡∏ó‡∏≥‡∏´‡∏ô‡πâ‡∏≤‡∏ó‡∏µ‡πà‡πÄ‡∏´‡∏°‡∏∑‡∏≠‡∏ô‡πÅ‡∏Ñ‡πà‡πÄ‡∏Ñ‡∏£‡∏∑‡πà‡∏≠‡∏á‡∏ä‡∏á‡∏Å‡∏≤‡πÅ‡∏ü‡πÇ‡∏õ‡∏£‡πÄ‡∏¢‡∏≠‡∏∞‡πÅ‡∏ï‡πà‡πÉ‡∏ä‡πâ‡πÑ‡∏°‡πà‡∏Ñ‡πà‡∏≠‡∏¢‡πÑ‡∏î‡πâ‡∏û‡∏ô‡∏á.‡∏Å‡πá‡πÑ‡∏°‡πà‡∏Ñ‡πà‡∏≠‡∏¢‡∏£‡∏π‡πâ‡πÄ‡∏£‡∏∑‡πà‡∏≠‡∏á‡πÇ‡∏õ‡∏£‡πÄ‡∏ó‡πà‡∏≤‡πÑ‡∏´‡∏£‡πà,"['‡πÄ‡∏£‡∏∑‡πà‡∏≠‡∏á', '‡∏ö‡∏£‡∏¥‡∏Å‡∏≤‡∏£', '‡∏û‡∏ô‡∏á', '‡∏ó‡∏≥', '‡πÄ‡∏´‡∏°‡∏∑‡∏≠‡∏ô', '‡πÄ‡∏Ñ‡∏£‡∏∑‡πà‡∏≠‡∏á', '‡∏ä‡∏á', '‡∏Å‡∏≤‡πÅ‡∏ü', '‡πÇ‡∏õ‡∏£‡πÄ‡∏¢‡∏≠‡∏∞', '‡∏û‡∏ô‡∏á', '‡∏£‡∏π‡πâ', '‡πÄ‡∏£‡∏∑‡πà‡∏≠‡∏á', '‡πÇ‡∏õ‡∏£', '‡πÑ‡∏´‡∏£‡πà']",,11,-1
60,‡∏£‡∏™‡∏ä‡∏≤‡∏ï‡∏¥‡∏Å‡∏≤‡πÅ‡∏ü‡πÑ‡∏°‡πà‡πÇ‡∏≠ ‡πÄ‡∏°‡∏∑‡πà‡∏≠‡πÄ‡∏ó‡∏µ‡∏¢‡∏ö‡∏Å‡∏±‡∏ö‡∏£‡∏≤‡∏Ñ‡∏≤ ‡∏ñ‡πâ‡∏≤‡∏ä‡∏á‡πÉ‡∏´‡πâ‡∏≠‡∏£‡πà‡∏≠‡∏¢‡∏Å‡∏ß‡πà‡∏≤‡∏ô‡∏µ‡πâ‡πÑ‡∏î‡πâ‡∏à‡∏∞‡∏î‡∏µ‡∏°‡∏≤‡∏Å,"['‡∏£‡∏™‡∏ä‡∏≤‡∏ï‡∏¥', '‡∏Å‡∏≤', '‡πÅ‡∏ü', '‡πÄ‡∏ó‡∏µ‡∏¢‡∏ö', '‡∏£‡∏≤‡∏Ñ‡∏≤', '‡∏ä‡∏á', '‡∏≠‡∏£‡πà‡∏≠‡∏¢', '‡∏î‡∏µ']",,11,-1
61,‡∏Å‡∏π‡πÑ‡∏°‡πà‡∏Å‡∏•‡πâ‡∏≤‡πÄ‡∏Ç‡πâ‡∏≤ ‡∏£‡πâ‡∏≤‡∏ô‡∏û‡∏£‡πâ‡∏≠‡∏û‡πÄ‡∏¢‡∏≠‡∏∞‡πÄ‡∏Å‡∏¥‡∏ô ‡∏Å‡∏π‡πÄ‡∏î‡∏¥‡∏ô‡πÑ‡∏°‡πà‡∏ñ‡∏π‡∏Å ‡∏Ñ‡∏ô‡∏Å‡πá‡πÄ‡∏¢‡∏≠‡∏∞ ‡∏à‡∏∞‡∏™‡∏±‡πà‡∏á‡∏Å‡πá‡∏Å‡∏•‡∏±‡∏ß‡πÄ‡∏Ç‡πâ‡∏≤‡∏ä‡πà‡∏≠‡∏á‡∏ú‡∏¥‡∏î ‡∏ó‡∏µ‡πà‡∏û‡∏≤‡∏£‡∏≤‡∏Å‡∏≠‡∏ô‡∏ô‡∏∞,"['‡∏Å‡∏•‡πâ‡∏≤', '‡∏£‡πâ‡∏≤‡∏ô', '‡πÄ‡∏î‡∏¥‡∏ô', '‡∏Ñ‡∏ô', '‡∏™‡∏±‡πà‡∏á', '‡∏Å‡∏•‡∏±‡∏ß', '‡∏û‡∏≤‡∏£‡∏≤‡∏Å‡∏≠‡∏ô']",,11,-1
62,‡∏≠‡∏¢‡∏≤‡∏Å‡πÑ‡∏î‡πâ‡∏ó‡∏£‡∏π black card ‡πÅ‡∏ï‡πà‡∏ö‡∏£‡∏¥‡∏Å‡∏≤‡∏£‡πÄ‡∏ô‡∏ï ‡∏Å‡∏∞‡∏°‡∏∑‡∏≠‡∏ñ‡∏∑‡∏≠ ‡πÑ‡∏°‡πà‡∏≠‡∏¢‡∏≤‡∏Å‡πÉ‡∏ä‡πâ‡πÄ‡∏•‡∏¢‡πÄ‡∏Å‡∏µ‡πà‡∏¢‡∏ß‡∏Å‡∏∞‡∏Å‡∏≤‡πÅ‡∏ü‡∏°‡∏±‡πä‡∏¢  ‡∏Å‡∏≤‡πÅ‡∏ü‡∏ò‡∏£‡∏£‡∏°‡∏î‡∏≤‡∏Å‡∏¥‡∏ô‡πÑ‡∏î‡πâ‡πÄ‡∏â‡∏¢‡πÜ ‡∏´‡∏•‡∏±‡∏á‡πÜ‡πÄ‡∏Ç‡πâ‡∏≤‡∏£‡πâ‡∏≤‡∏ô‡∏≠‡∏∑‡πà‡∏ô‚Ä¶See more,"['‡∏ó‡∏£‡∏π', '‡∏Å‡∏∞', '‡∏°‡∏∑‡∏≠‡∏ñ‡∏∑‡∏≠', '‡πÄ‡∏Å‡∏µ‡πà‡∏¢‡∏ß', '‡∏Å‡∏≤‡πÅ‡∏ü', '‡∏ò‡∏£‡∏£‡∏°‡∏î‡∏≤', '‡∏Å‡∏¥‡∏ô', '‡∏£‡πâ‡∏≤‡∏ô']",,11,-1
63,‡∏ä‡∏≤‡πÑ‡∏ó‡∏¢‡πÅ‡∏Å‡πâ‡∏ß‡πÉ‡∏´‡∏ç‡πà+‡∏ß‡∏¥‡∏õ 80 ‡∏à‡πâ‡∏≤‡∏≤‡∏≤‡∏≤‡∏≤‡∏≤‡∏≤‡∏≤‡∏≤ ‡∏î‡∏µ‡∏ô‡∏∞ ‡∏Å‡∏∏‡πÉ‡∏ä‡πâ‡∏ó‡∏£‡∏π‡∏û‡πâ‡∏≠‡∏¢‡∏•‡∏î‡∏î‡πâ‡∏ß‡∏¢ ‡∏Ñ‡∏á‡∏à‡∏∞‡πÅ‡∏Å‡πâ‡∏ß‡∏™‡∏∏‡∏î‡∏ó‡πâ‡∏≤‡∏¢‡∏¢‡∏¢‡∏¢‡∏¢,"['‡∏ä‡∏≤‡πÑ‡∏ó‡∏¢', '‡πÅ‡∏Å‡πâ‡∏ß', '‡∏î‡∏µ', '‡∏ó‡∏£‡∏π', '‡∏û‡πâ‡∏≠‡∏¢', '‡∏•‡∏î', '‡πÅ‡∏Å‡πâ‡∏ß', '‡∏™‡∏∏‡∏î‡∏ó‡πâ‡∏≤‡∏¢']",,11,-1
64,‡∏£‡πâ‡∏≤‡∏ô‡∏ó‡∏µ‡πà‡∏≠‡∏¢‡∏π‡πà‡∏ï‡∏≤‡∏°‡∏û‡∏¥‡∏û‡∏¥‡∏ò‡∏†‡∏±‡∏ì‡∏ë‡πå ‡∏£‡∏ö‡∏Å‡∏ß‡∏ô‡∏ä‡πà‡∏ß‡∏¢‡πÄ‡∏õ‡∏¥‡∏î‡∏ß‡∏±‡∏ô‡∏à‡∏±‡∏ô‡∏ó‡∏£‡πå‡∏î‡πâ‡∏ß‡∏¢‡πÑ‡∏î‡πâ‡πÑ‡∏´‡∏°‡∏Ñ‡∏£‡∏±‡∏ö,"['‡∏£‡πâ‡∏≤‡∏ô', '‡∏£‡∏ö‡∏Å‡∏ß‡∏ô', '‡∏à‡∏±‡∏ô‡∏ó‡∏£‡πå', '‡πÑ‡∏´‡∏°']",,6,-1
65,‡∏Ç‡∏≠‡∏á‡∏õ‡∏±‡πà‡∏ô ‡∏ï‡∏£‡∏∞‡∏Å‡∏π‡∏•‡πÄ‡∏ö‡∏≠‡∏£‡∏µ‡πà ‡πÄ‡∏õ‡∏£‡∏µ‡πâ‡∏¢‡∏ß‡πÅ‡∏•‡∏∞‡∏´‡∏ß‡∏≤‡∏ô‡∏°‡∏≤‡∏Å‡∏Å‡∏Å ‡∏£‡∏≠‡∏ô‡πâ‡∏≥‡πÅ‡∏Ç‡πá‡∏á‡∏•‡∏∞‡∏•‡∏≤‡∏¢‡∏Å‡πá‡πÑ‡∏°‡πà‡∏´‡∏≤‡∏¢‡πÄ‡∏õ‡∏£‡∏µ‡πâ‡∏¢‡∏ß‡∏ß‡∏ß,"['‡∏õ‡∏±‡πà‡∏ô', '‡πÄ‡∏õ‡∏£‡∏µ‡πâ‡∏¢‡∏ß', '‡∏´‡∏ß‡∏≤‡∏ô', '‡∏Å‡∏Å', '‡∏£‡∏≠', '‡∏ô‡πâ‡∏≥', '‡πÅ‡∏Ç‡πá‡∏á', '‡∏•‡∏∞‡∏•‡∏≤‡∏¢', '‡∏´‡∏≤‡∏¢', '‡πÄ‡∏õ‡∏£‡∏µ‡πâ‡∏¢‡∏ß', '‡∏ß‡∏ß']",,2,-1
66,‡∏£‡∏≤‡∏Ñ‡∏≤‡πÅ‡∏û‡∏á‡πÄ‡∏ß‡∏≠‡∏ß‡∏±‡∏á‡∏≠‡∏•‡∏±‡∏á‡∏Å‡∏≤‡∏£‡πÅ‡∏ï‡πà‡∏¢‡∏≠‡∏°‡∏£‡∏±‡∏ö‡∏ä‡πä‡∏≠‡∏Å‡πÇ‡∏Å‡πÅ‡∏•‡∏ï‡∏≠‡∏£‡πà‡∏≠‡∏¢‡∏î‡∏µ‡∏Ñ‡∏∞ ‡∏£‡πâ‡∏≠‡∏ô‡πÅ‡∏Å‡πâ‡∏ß‡πÄ‡∏•‡πá‡∏Å 1 ‡∏£‡πâ‡∏≠‡∏¢‡πÄ‡∏û‡∏•‡∏µ‡∏ö‡πÅ‡∏Ñ‡∏°‡πÄ‡∏•‡∏¢‡∏Å‡∏£‡∏∏,"['‡∏£‡∏≤‡∏Ñ‡∏≤', '‡πÅ‡∏û‡∏á', '‡∏î‡∏µ', '‡∏£‡πâ‡∏≠‡∏¢']",,10,-1
67,‡∏™‡∏±‡πà‡∏á‡∏Ñ‡∏≤‡∏õ‡∏π‡∏ä‡∏¥‡πÇ‡∏ô‡πà‡πÄ‡∏¢‡πá‡∏ô ‡πÅ‡∏ï‡πà‡∏™‡∏¥‡πà‡∏á‡∏ó‡∏µ‡πà‡πÑ‡∏î‡πâ ‡∏ô‡∏∂‡∏Å‡∏ß‡πà‡∏≤‡∏ô‡∏°‡∏™‡∏î‡πÄ‡∏¢‡πá‡∏ô ‡πÑ‡∏°‡πà‡∏°‡∏µ‡∏£‡∏™‡∏ä‡∏≤‡∏ï‡∏¥‡∏Å‡∏≤‡πÅ‡∏ü‡πÄ‡∏•‡∏¢ ‡∏Ñ‡∏ß‡∏£‡πÑ‡∏õ‡πÄ‡∏£‡∏µ‡∏¢‡∏ô‡∏ô‡∏∞,"['‡∏™‡∏±‡πà‡∏á', '‡∏ô‡∏∂‡∏Å', '‡∏ô‡∏°', '‡∏£‡∏™‡∏ä‡∏≤‡∏ï‡∏¥', '‡∏Å‡∏≤', '‡πÅ‡∏ü', '‡πÄ‡∏£‡∏µ‡∏¢‡∏ô']",,11,-1
68,‡πÇ‡∏õ‡∏£‡∏°‡∏µ‡πÉ‡∏´‡πâ‡∏•‡∏π‡∏Å‡∏Ñ‡πâ‡∏≤‡∏ô‡πâ‡∏≠‡∏¢‡∏ô‡∏¥‡∏î ‡∏Å‡∏î‡πÑ‡∏°‡πà‡πÄ‡∏Ñ‡∏¢‡∏ó‡∏±‡∏ô‡∏Ñ‡∏ô‡∏≠‡∏∑‡πà‡∏ô ‡∏ö‡∏£‡∏¥‡∏©‡∏±‡∏ó‡∏Å‡πá‡πÉ‡∏´‡∏ç‡πà‡πÇ‡∏ï ‡πÉ‡∏à‡∏Å‡∏ß‡πâ‡∏≤‡∏á‡πÜ‡∏Ñ‡∏∑‡∏ô‡∏Å‡∏≥‡πÑ‡∏£‡πÉ‡∏´‡πâ‡∏•‡∏π‡∏Å‡∏Ñ‡πâ‡∏≤‡∏ö‡πâ‡∏≤‡∏á‡πÄ‡∏ñ‡∏¥‡∏î‡∏Ñ‡πà‡∏∞,"['‡∏•‡∏π‡∏Å‡∏Ñ‡πâ‡∏≤', '‡∏Å‡∏î', '‡∏Ñ‡∏ô', '‡∏Ñ‡∏∑‡∏ô', '‡∏•‡∏π‡∏Å‡∏Ñ‡πâ‡∏≤']",,11,-1
69,‡πÄ‡∏ô‡πá‡∏ï‡∏ä‡πâ‡∏≤‡∏ö‡πâ‡∏≤‡∏á ‡∏´‡∏•‡∏∏‡∏î‡∏ö‡πâ‡∏≤‡∏á ‡∏Å‡∏π‡∏à‡∏∞‡πÄ‡∏õ‡∏•‡∏µ‡πà‡∏¢‡∏ô‡πÑ‡∏õ‡πÉ‡∏ä‡πâ‡πÄ‡∏ô‡∏ï‡∏Ç‡∏≠‡∏á star bucks ‡πÅ‡∏•‡πâ‡∏ß‡∏ô‡∏∞,"['‡πÄ‡∏ô‡πá‡∏ï', '‡∏´‡∏•‡∏∏‡∏î', '‡πÄ‡∏ô‡∏ï']",,8,-1
70,Iced Black Tea Latte ‡∏´‡∏≤‡∏ä‡∏á‡∏≠‡∏£‡πà‡∏≠‡∏¢‡∏¢‡∏≤‡∏Å‡∏°‡∏≤‡∏Å ‡∏≠‡∏¢‡∏≤‡∏Å‡∏Å‡∏¥‡∏ô‡∏ó‡∏µ‡∏ï‡πâ‡∏≠‡∏á‡∏•‡∏∏‡πâ‡∏ô‡∏ó‡∏µ‡∏ß‡πà‡∏≤‡∏°‡∏∑‡∏≠‡∏ä‡∏á‡∏à‡∏∞‡∏ó‡∏≥‡πÑ‡∏î‡πâ‡πÅ‡∏Ñ‡πà‡πÑ‡∏´‡∏ô ‡πÄ‡∏Ç‡πâ‡∏≤‡∏£‡πâ‡∏≤‡∏ô‡∏ó‡∏£‡∏π‡πÄ‡∏û‡∏∑‡πà‡∏≠‡∏Å‡∏≤‡∏£‡∏ô‡∏µ‡πâ‡πÇ‡∏î‡∏¢‡πÄ‡∏â‡∏û‡∏≤‡∏∞ ‡πÄ‡∏°‡∏∑‡πà‡∏≠‡πÑ‡∏°‡πà‡πÄ‡∏à‡∏≠‡∏°‡∏∑‡∏≠‡πÄ‡∏ã‡∏µ‡∏¢‡∏ô‡∏ä‡∏á ‡∏Å‡πá‡πÑ‡∏°‡πà‡πÄ‡∏Ç‡πâ‡∏≤‡πÑ‡∏õ‡πÄ‡∏´‡∏¢‡∏µ‡∏¢‡∏ö‡∏£‡πâ‡∏≤‡∏ô‡∏Ñ‡πà‡∏∞,"['‡∏´‡∏≤', '‡∏ä‡∏á', '‡∏≠‡∏£‡πà‡∏≠‡∏¢', '‡∏°‡∏∑‡∏≠', '‡∏ä‡∏á', '‡∏ó‡∏≥', '‡πÄ‡∏à‡∏≠', '‡∏ä‡∏á', '‡∏£‡πâ‡∏≤‡∏ô']",,11,-1
71,‡∏≠‡∏¢‡∏≤‡∏Å‡πÉ‡∏´‡πâ‡∏õ‡∏£‡∏±‡∏ö‡∏õ‡∏£‡∏∏‡∏á‡πÄ‡∏£‡∏∑‡πà‡∏≠‡∏á‡πÄ‡∏Ñ‡∏£‡∏∑‡∏≠‡∏Ç‡πà‡∏≤‡∏¢‡∏Ñ‡∏±‡∏ö ‡∏ö‡∏≤‡∏á‡∏ó‡∏µ‡πà‡πÑ‡∏°‡πà‡∏°‡∏µ‡∏™‡∏±‡∏ç‡∏ç‡∏≤‡∏ô‡πÄ‡∏•‡∏¢‡∏Ñ‡∏£‡∏±‡∏ö ‡πÄ‡∏ô‡∏ï‡∏Ç‡πâ‡∏≤‡∏°‡∏≤‡∏Å,"['‡∏õ‡∏£‡∏±‡∏ö‡∏õ‡∏£‡∏∏‡∏á', '‡πÄ‡∏£‡∏∑‡πà‡∏≠‡∏á', '‡∏™‡∏±‡∏ç‡∏ç‡∏≤‡∏ô']",,11,-1
72,‡∏ä‡∏≤‡∏ô‡∏°‡∏≠‡∏£‡πà‡∏≠‡∏¢ ‡πÅ‡∏î‡∏Å‡∏¢‡∏≤‡∏Å‡∏´‡∏ô‡πà‡∏≠‡∏¢ ‡∏Å‡∏π‡∏à‡∏∞‡∏ñ‡∏∑‡∏≠‡∏ß‡πà‡∏≤‡πÄ‡∏õ‡πá‡∏ô‡πÄ‡∏≠‡∏Å‡∏•‡∏±‡∏Å‡∏©‡∏ì‡πå‡∏ó‡∏µ‡πà‡∏î‡∏µ‡πÅ‡∏•‡πâ‡∏ß‡∏Å‡∏±‡∏ô ‡∏´‡∏°‡∏î‡∏ä‡πâ‡∏≤‡∏î‡∏µ ‡∏£‡∏≠‡πÉ‡∏´‡πâ‡πÅ‡∏°‡πà‡∏á‡∏•‡∏∞‡∏•‡∏≤‡∏¢‡πÄ‡∏õ‡πá‡∏ô‡∏ä‡∏°. 555555,"['‡πÅ‡∏î‡∏Å', '‡∏î‡∏µ', '‡∏£‡∏≠', '‡πÅ‡∏°‡πà‡∏á', '‡∏•‡∏∞‡∏•‡∏≤‡∏¢', '‡∏ä‡∏°']",,11,-1
73,‡πÄ‡∏õ‡∏•‡∏µ‡πà‡∏¢‡∏ô‡∏û‡∏ô‡∏±‡∏Å‡∏á‡∏≤‡∏ô‡∏ö‡πà‡∏≠‡∏¢‡∏°‡∏≤‡∏Å ‡∏û‡∏≠‡πÄ‡∏£‡∏¥‡πà‡∏°‡πÄ‡∏õ‡πá‡∏ô‡∏á‡∏≤‡∏ô‡∏ä‡∏á‡∏Å‡∏≤‡πÅ‡∏ü‡∏≠‡∏£‡πà‡∏≠‡∏¢‡∏Å‡πá‡πÉ‡∏´‡πâ‡∏¢‡πâ‡∏≤‡∏¢‡πÑ‡∏õ‡∏™‡∏≤‡∏Ç‡∏≤‡∏≠‡∏∑‡πà‡∏ô ‡∏•‡∏π‡∏Å‡∏Ñ‡πâ‡∏≤‡∏Å‡πá‡∏ï‡πâ‡∏≠‡∏á‡∏°‡∏≤‡πÄ‡∏à‡∏≠‡∏û‡∏ô‡∏±‡∏Å‡∏á‡∏≤‡∏ô‡∏ó‡∏µ‡πà‡πÄ‡∏õ‡πá‡∏ô trainee ‡∏ß‡∏ô‡∏•‡∏π‡∏õ‡πÉ‡∏´‡∏°‡πà‡∏≠‡∏µ‡∏Å‡∏Ñ‡∏£‡∏±‡πâ‡∏á,"['‡∏û‡∏ô‡∏±‡∏Å‡∏á‡∏≤‡∏ô', '‡∏á‡∏≤‡∏ô', '‡∏≠‡∏£‡πà‡∏≠‡∏¢', '‡∏¢‡πâ‡∏≤‡∏¢', '‡∏™‡∏≤‡∏Ç‡∏≤', '‡∏•‡∏π‡∏Å‡∏Ñ‡πâ‡∏≤', '‡πÄ‡∏à‡∏≠', '‡∏û‡∏ô‡∏±‡∏Å‡∏á‡∏≤‡∏ô']",,11,-1
74,‡∏Ñ‡∏∑‡∏≠‡∏Å‡∏≤‡πÅ‡∏ü‡∏ö‡πâ‡∏≤‡∏ô‡πÜ ‡∏≠‡∏≤‡∏£‡∏°‡∏ì‡πå‡πÄ‡∏´‡∏°‡∏∑‡∏≠‡∏ô‡∏Å‡∏¥‡∏ô‡πÉ‡∏ô‡∏Ñ‡∏•‡∏≠‡∏á‡∏ñ‡∏°‡πÄ‡∏ã‡πá‡∏ô‡πÄ‡∏ï‡∏≠‡∏£‡πå ‡∏£‡∏≤‡∏¢‡∏•‡πâ‡∏≠‡∏°‡πÑ‡∏õ‡∏î‡πâ‡∏ß‡∏¢‡∏Ñ‡∏ô‡∏°‡∏≤‡∏î‡∏π‡∏ã‡∏∑‡πâ‡∏≠‡πÇ‡∏ó‡∏£‡∏®‡∏±‡∏û‡∏ó‡πå‡πÄ‡∏õ‡∏•‡∏µ‡πà‡∏¢‡∏ô‡πÇ‡∏õ‡∏£‡πÅ‡∏ï‡πà‡∏£‡∏≤‡∏Ñ‡∏≤‡∏ó‡∏≥‡πÑ‡∏°‡πÅ‡∏û‡∏á‡∏à‡∏±‡∏á‡∏ü‡πà‡∏∞!,"['‡∏Å‡∏≤‡πÅ‡∏ü', '‡∏ö‡πâ‡∏≤‡∏ô', '‡∏≠‡∏≤‡∏£‡∏°‡∏ì‡πå', '‡πÄ‡∏´‡∏°‡∏∑‡∏≠‡∏ô', '‡∏Å‡∏¥‡∏ô', '‡∏Ñ‡∏ô', '‡∏î‡∏π', '‡∏ã‡∏∑‡πâ‡∏≠', '‡πÇ‡∏ó‡∏£‡∏®‡∏±‡∏û‡∏ó‡πå', '‡πÇ‡∏õ‡∏£', '‡∏£‡∏≤‡∏Ñ‡∏≤', '‡πÅ‡∏û‡∏á']",,11,-1
75,‡∏û‡∏ô‡∏±‡∏Å‡∏á‡∏≤‡∏ô‡∏Ñ‡∏∏‡∏¢‡∏Å‡∏±‡∏ô‡πÑ‡∏°‡πà‡∏™‡∏ô‡πÉ‡∏à ‡∏•‡∏π‡∏Å‡∏Ñ‡πâ‡∏≤ ‡∏Å‡πâ‡∏°‡∏´‡∏ô‡πâ‡∏≤‡∏Å‡πâ‡∏°‡∏ï‡∏≤‡∏Ñ‡∏∏‡∏¢‡∏Å‡∏±‡∏ô ‡∏à‡∏ô‡∏ï‡πâ‡∏≠‡∏á‡∏ö‡∏≠‡∏Å‡∏™‡∏ô‡πÉ‡∏à‡∏£‡∏±‡∏ö‡∏≠‡∏≠‡πÄ‡∏î‡∏≠‡∏£‡πå‡∏´‡∏ô‡πà‡∏≠‡∏¢,"['‡∏û‡∏ô‡∏±‡∏Å‡∏á‡∏≤‡∏ô', '‡∏•‡∏π‡∏Å‡∏Ñ‡πâ‡∏≤']",,4,-1
76,‡πÄ‡∏à‡∏≠‡∏£‡∏≤‡∏Ñ‡∏≤‡∏ä‡∏≤‡πÄ‡∏Ç‡∏µ‡∏¢‡∏ß‡πÄ‡∏Ç‡πâ‡∏≤‡πÑ‡∏õ‡πÅ‡∏ó‡∏ö‡∏à‡∏∞‡∏Å‡∏•‡∏∑‡∏ô‡πÅ‡∏Å‡πâ‡∏ß‡πÄ‡∏Ç‡πâ‡∏≤‡πÑ‡∏õ‡∏î‡πâ‡∏ß‡∏¢ ‡πÑ‡∏°‡πà‡πÉ‡∏ä‡πà‡∏≠‡∏£‡πà‡∏≠‡∏¢‡∏ô‡∏∞‡πÅ‡∏ï‡πà‡πÄ‡∏™‡∏µ‡∏¢‡∏î‡∏≤‡∏¢‡∏ï‡∏±‡∏á‡∏™‡πå,"['‡πÄ‡∏à‡∏≠', '‡∏£‡∏≤‡∏Ñ‡∏≤', '‡∏ä‡∏≤‡πÄ‡∏Ç‡∏µ‡∏¢‡∏ß', '‡πÅ‡∏ó‡∏ö', '‡∏≠‡∏£‡πà‡∏≠‡∏¢', '‡πÄ‡∏™‡∏µ‡∏¢‡∏î‡∏≤‡∏¢']",,11,-1
77,‡∏û‡∏ô‡∏±‡∏Å‡∏á‡∏≤‡∏ô‡πÑ‡∏°‡πà‡∏Ñ‡∏ß‡∏£‡∏¢‡∏∑‡πâ‡∏≠‡πÄ‡∏ß‡∏•‡∏≤‡πÉ‡∏ô‡∏Å‡∏≤‡∏£‡∏ó‡∏≥‡∏£‡∏≤‡∏¢‡∏Å‡∏≤‡∏£‡∏ô‡∏≤‡∏ô‡πÜ‡πÄ‡∏û‡∏∑‡πà‡∏≠‡πÉ‡∏´‡πâ‡∏•‡∏π‡∏Å‡∏Ñ‡πâ‡∏≤‡∏ô‡∏±‡πà‡∏á‡∏£‡∏≠‡∏ô‡∏≤‡∏ô‡∏à‡∏ô‡∏´‡∏¥‡∏ß‡∏ô‡πâ‡∏≥‡∏ô‡∏∞‡∏Ñ‡∏∞,"['‡∏û‡∏ô‡∏±‡∏Å‡∏á‡∏≤‡∏ô', '‡πÄ‡∏ß‡∏•‡∏≤', '‡∏ó‡∏≥', '‡∏•‡∏π‡∏Å‡∏Ñ‡πâ‡∏≤', '‡∏ô‡∏±‡πà‡∏á', '‡∏£‡∏≠', '‡∏ô‡πâ‡∏≥']",,11,-1
78,‡πÇ‡∏Å‡πÇ‡∏Å‡πâ‡πÄ‡∏¢‡πá‡∏ô ‡∏ï‡∏≠‡∏ô‡∏ä‡∏á ‡∏ñ‡πâ‡∏≤‡∏°‡∏∂‡∏á‡∏à‡∏∞‡∏•‡∏∞‡∏•‡∏≤‡∏¢‡∏ô‡πâ‡∏≥‡πÅ‡∏•‡πâ‡∏ß‡πÄ‡∏õ‡πá‡∏ô‡∏ï‡∏∞‡∏Å‡∏≠‡∏ô‡∏ô‡∏≠‡∏ô‡πÄ‡∏•‡πà‡∏ô‡∏Å‡πâ‡∏ô‡πÅ‡∏Å‡πâ‡∏ß‡∏Å‡∏π‡∏ß‡πà‡∏≤‡∏°‡∏∂‡∏á‡πÄ‡∏≠‡∏≤‡πÑ‡∏õ‡∏ï‡πâ‡∏°‡∏•‡πà‡∏ß‡∏á‡∏´‡∏ô‡πâ‡∏≤‡πÅ‡∏•‡πâ‡∏ß‡∏Ñ‡∏ô‡πÉ‡∏´‡πâ‡∏°‡∏±‡∏ô‡∏•‡∏∞‡∏•‡∏≤‡∏¢‡∏Å‡∏±‡∏ö‡∏ô‡πâ‡∏≥ ‡πÉ‡∏™‡πà‡∏´‡∏°‡πâ‡∏≠‡πÑ‡∏ß‡πâ‡∏£‡∏¥‡∏ô‡∏´‡∏£‡∏∑‡∏≠‡∏£‡∏≠‡∏ï‡∏±‡∏Å‡πÉ‡∏™‡πà‡πÅ‡∏Å‡πâ‡∏ß‡πÄ‡∏´‡∏≠‡∏∞ ‡∏î‡∏π‡∏î‡∏ó‡∏µ ‡∏ú‡∏á‡πÇ‡∏Å‡πÇ‡∏Å‡πâ‡∏ï‡∏∞‡∏Å‡∏≠‡∏ô‡∏à‡∏∞‡∏ï‡∏¥‡∏î‡∏Ñ‡∏≠‡∏ï‡∏≤‡∏¢ ‡∏™‡∏≥‡∏•‡∏±‡∏Å‡πÅ‡∏•‡πâ‡∏ß‡∏™‡∏≥‡∏•‡∏±‡∏Å‡∏≠‡∏µ‡∏Å,"['‡∏ï‡∏≠‡∏ô', '‡∏ä‡∏á', '‡∏•‡∏∞‡∏•‡∏≤‡∏¢', '‡∏ô‡πâ‡∏≥', '‡πÄ‡∏•‡πà‡∏ô', '‡∏Ñ‡∏ô', '‡∏•‡∏∞‡∏•‡∏≤‡∏¢', '‡∏ô‡πâ‡∏≥', '‡πÉ‡∏™‡πà', '‡∏£‡∏≠', '‡πÉ‡∏™‡πà', '‡πÅ‡∏Å‡πâ‡∏ß', '‡πÄ‡∏´‡∏≠‡∏∞', '‡∏î‡∏π‡∏î', '‡πÇ‡∏Å‡πÇ‡∏Å‡πâ', '‡∏ï‡∏¥‡∏î']",,2,-1
79,‡∏î‡∏∑‡πà‡∏°‡∏Ñ‡∏£‡∏±‡πâ‡∏á‡πÄ‡∏î‡∏µ‡∏¢‡∏ß ‡∏ä‡∏á‡πÑ‡∏°‡πà‡∏≠‡∏£‡πà‡∏≠‡∏¢‡πÅ‡∏•‡∏∞‡πÅ‡∏û‡∏á‡πÑ‡∏°‡πà‡∏ß‡πà‡∏≤ ‡∏ö‡πà‡∏≤‡∏•‡∏≥‡πÅ‡∏ï‡πâ‡πÜ‡πÜ‡∏´‡∏ô‡∏≤ ‡πÄ‡∏ü‡∏™‡πÄ‡∏ä‡∏µ‡∏¢‡∏á‡πÉ‡∏´‡∏°‡πà,"['‡∏î‡∏∑‡πà‡∏°', '‡∏ä‡∏á', '‡∏≠‡∏£‡πà‡∏≠‡∏¢', '‡πÅ‡∏û‡∏á', '‡∏´‡∏ô‡∏≤']",,10,-1
80,iced coffee signature ‡∏≠‡∏£‡πà‡∏≠‡∏¢ ‡πÅ‡∏ï‡πà‡∏≠‡∏¢‡πà‡∏≤‡∏á‡∏≠‡∏∑‡πà‡∏ô‡πÅ‡∏û‡∏á‡πÄ‡∏Å‡∏¥‡∏ô‡πÑ‡∏õ‡πÑ‡∏°‡πà‡∏™‡∏°‡∏£‡∏≤‡∏Ñ‡∏≤,"['‡∏≠‡∏£‡πà‡∏≠‡∏¢', '‡πÅ‡∏û‡∏á', '‡∏™‡∏°‡∏£‡∏≤‡∏Ñ‡∏≤']",,10,-1
81,‡∏ä‡∏≤‡πÄ‡∏¢‡πá‡∏ô‡∏≠‡∏£‡πà‡∏≠‡∏¢‡∏°‡∏≤‡∏Å‡∏Å‡∏Å ‡πÅ‡∏ï‡πà‡∏î‡∏π‡∏î3‡∏≠‡∏∂‡∏Å ‡∏´‡∏°‡∏î‡πÅ‡∏•‡πâ‡∏ß‡∏≠‡∏∞ ‡∏à‡∏∞‡∏ô‡πâ‡∏≠‡∏¢‡πÑ‡∏õ‡πÑ‡∏´‡∏ô ‡πÅ‡∏Å‡πâ‡∏ß‡∏ô‡∏∂‡∏á‡∏≠‡∏¢‡πà‡∏≤‡∏á‡πÅ‡∏û‡∏á ‡∏à‡∏∞‡πÉ‡∏ä‡πâ‡∏™‡∏¥‡∏ó‡∏ò‡∏¥‡πå‡∏ó‡∏£‡∏π‡∏û‡πâ‡∏≠‡∏¢ ‡πÑ‡∏õ‡∏ï‡∏±‡πâ‡∏á‡πÅ‡∏ï‡πà‡∏£‡πâ‡∏≤‡∏ô‡πÄ‡∏õ‡∏¥‡∏î‡∏Ñ‡∏£‡∏∂‡πà‡∏á‡∏ä‡∏±‡πà‡∏ß‡πÇ‡∏°‡∏á‡∏Å‡πá‡∏™‡∏¥‡∏ó‡∏ò‡∏¥‡πå‡πÄ‡∏ï‡πá‡∏°  ü§£,"['‡∏ä‡∏≤‡πÄ‡∏¢‡πá‡∏ô', '‡∏≠‡∏£‡πà‡∏≠‡∏¢', '‡∏Å‡∏Å', '‡∏î‡∏π‡∏î', '‡∏≠‡∏∞', '‡πÅ‡∏Å‡πâ‡∏ß', '‡∏ô‡∏∂‡∏á', '‡πÅ‡∏û‡∏á', '‡∏™‡∏¥‡∏ó‡∏ò‡∏¥‡πå', '‡∏£‡πâ‡∏≤‡∏ô', '‡∏™‡∏¥‡∏ó‡∏ò‡∏¥‡πå', '‡πÄ‡∏ï‡πá‡∏°']",,6,-1
82,‡πÇ‡∏õ‡∏£‡πÇ‡∏°‡∏ä‡∏±‡πà‡∏ô ‡πÄ‡∏¢‡∏≠‡∏∞ ‡∏à‡∏∞‡∏¢‡∏∑‡∏ô‡∏á‡∏á  ‡∏ó‡∏±‡πâ‡∏á‡∏ó‡∏µ‡πà‡πÄ‡∏õ‡πá‡∏ô‡∏•‡∏π‡∏Å‡∏Ñ‡πâ‡∏≤‡∏ó‡∏£‡∏π ‡πÅ‡∏ï‡πà‡πÑ‡∏°‡πà‡∏Å‡∏•‡πâ‡∏≤‡πÉ‡∏ä‡πâ‡πÇ‡∏õ‡∏£ ‡πÄ‡∏™‡∏µ‡∏¢‡πÄ‡∏ß‡∏•‡∏≤‡∏Ñ‡∏ô‡∏°‡∏≤‡∏ï‡πà‡∏≠‡∏Ñ‡∏¥‡∏ß ‡∏ã‡∏∑‡πâ‡∏≠‡∏ñ‡∏±‡∏î‡∏à‡∏≤‡∏Å‡πÄ‡∏£‡∏≤  (‡πÄ‡∏õ‡πá‡∏ô‡∏Ñ‡∏ô‡∏Ç‡∏µ‡πâ‡πÄ‡∏Å‡∏£‡∏á‡πÉ‡∏à),"['‡πÇ‡∏õ‡∏£‡πÇ‡∏°‡∏ä‡∏±‡πà‡∏ô', '‡∏á‡∏á', '‡∏•‡∏π‡∏Å‡∏Ñ‡πâ‡∏≤', '‡∏ó‡∏£‡∏π', '‡∏Å‡∏•‡πâ‡∏≤', '‡πÇ‡∏õ‡∏£', '‡πÄ‡∏ß‡∏•‡∏≤', '‡∏Ñ‡∏ô', '‡∏Ñ‡∏¥‡∏ß', '‡∏ã‡∏∑‡πâ‡∏≠', '‡∏ñ‡∏±‡∏î', '‡∏Ñ‡∏ô', '‡∏Ç‡∏µ‡πâ']",,11,-1
83,‡πÉ‡∏ä‡πâ‡∏Ñ‡πà‡∏≤‡∏¢‡πÇ‡∏ó‡∏£‡∏®‡∏±‡∏û‡πå ‡πÉ‡∏ä‡πâ wifi ‡πÇ‡∏õ‡∏£‡πÅ‡∏ö‡∏ö‡πÅ‡∏û‡∏á‡πÜ ‡∏°‡∏µ‡∏™‡∏¥‡∏ó‡πÅ‡∏ö‡∏Ñ‡∏Å‡∏≤‡∏£‡πå‡∏î‡∏ñ‡∏∑‡∏≠‡πÑ‡∏ß‡πâ‡∏´‡∏•‡∏≤‡∏¢‡∏õ‡∏µ‡∏™‡∏¥‡∏ó‡∏ò‡πå‡πÄ‡∏ï‡πá‡∏°‡∏ï‡∏•‡∏≠‡∏î‡∏ó‡∏±‡πâ‡∏á‡∏î‡∏π‡∏´‡∏ô‡∏±‡∏á‡∏ó‡∏±‡πâ‡∏á‡πÄ‡∏Ñ‡∏£‡∏∑‡πà‡∏≠‡∏á‡∏î‡∏∑‡πà‡∏° ‡∏™‡∏∏‡∏î‡∏ó‡πâ‡∏≤‡∏¢‡∏¢‡πâ‡∏≤‡∏¢‡∏ó‡∏¥‡πâ‡∏á‡∏´‡∏°‡∏î‡πÄ‡∏û‡∏£‡∏≤‡∏∞‡πÄ‡∏£‡∏∑‡πà‡∏≠‡∏á‡∏™‡∏¥‡∏ó‡∏ò‡πå‡∏î‡∏π‡∏´‡∏ô‡∏±‡∏á‡∏•‡∏î‡∏£‡∏≤‡∏Ñ‡∏≤‡πÄ‡∏Ñ‡∏£‡∏∑‡πà‡∏≠‡∏á‡∏î‡∏∑‡πà‡∏°‡∏ô‡∏µ‡πà‡πÅ‡∏´‡∏•‡∏∞,"['‡∏Ñ‡πà‡∏≤‡∏¢', '‡πÅ‡∏û‡∏á', '‡∏õ‡∏µ', '‡∏™‡∏¥‡∏ó‡∏ò‡πå', '‡πÄ‡∏ï‡πá‡∏°', '‡∏î‡∏π', '‡∏´‡∏ô‡∏±‡∏á', '‡πÄ‡∏Ñ‡∏£‡∏∑‡πà‡∏≠‡∏á', '‡∏î‡∏∑‡πà‡∏°', '‡∏™‡∏∏‡∏î‡∏ó‡πâ‡∏≤‡∏¢', '‡∏¢‡πâ‡∏≤‡∏¢', '‡∏ó‡∏¥‡πâ‡∏á', '‡πÄ‡∏£‡∏∑‡πà‡∏≠‡∏á', '‡∏™‡∏¥‡∏ó‡∏ò‡πå', '‡∏î‡∏π', '‡∏´‡∏ô‡∏±‡∏á', '‡∏•‡∏î', '‡∏£‡∏≤‡∏Ñ‡∏≤', '‡πÄ‡∏Ñ‡∏£‡∏∑‡πà‡∏≠‡∏á', '‡∏î‡∏∑‡πà‡∏°']",,11,-1
84,‡∏ä‡πà‡∏ß‡∏á‡∏ô‡∏µ‡πâ‡πÄ‡∏ô‡∏ï‡∏ä‡πâ‡∏≤‡∏°‡∏≤‡∏Å‡πÄ‡∏•‡∏¢‡∏Ñ‡∏£‡∏±‡∏ö ‡∏ä‡πà‡∏ß‡∏¢‡∏õ‡∏£‡∏±‡∏ö‡∏õ‡∏£‡∏∏‡∏á‡∏î‡πâ‡∏ß‡∏¢‡∏Ñ‡∏£‡∏±‡∏ö ‡∏£‡∏≤‡∏¢‡πÄ‡∏î‡∏∑‡∏≠‡∏ô‡πÅ‡∏û‡∏á‡πÅ‡∏ï‡πà‡πÉ‡∏ä‡πâ‡πÑ‡∏°‡πà‡∏Ñ‡∏∏‡πâ‡∏°,"['‡πÄ‡∏ô‡∏ï', '‡∏õ‡∏£‡∏±‡∏ö‡∏õ‡∏£‡∏∏‡∏á', '‡πÄ‡∏î‡∏∑‡∏≠‡∏ô', '‡πÅ‡∏û‡∏á', '‡∏Ñ‡∏∏‡πâ‡∏°']",,11,-1
85,‡∏™‡∏≤‡∏Ç‡∏≤‡πÄ‡∏ã‡πá‡∏ô‡∏ó‡∏£‡∏±‡∏•‡∏û‡∏±‡∏ó‡∏¢‡∏≤ ‡∏£‡∏™‡∏ä‡∏≤‡∏ï‡∏¥‡πÅ‡∏¢‡πà‡∏°‡∏≤‡∏Å ‡∏à‡∏∑‡∏î ‡πÅ‡∏Å‡πâ‡∏ß‡πÄ‡∏•‡πá‡∏Å 100‡∏ø ‡πÑ‡∏°‡πà‡πÇ‡∏≠‡πÄ‡∏Ñ‡πÄ‡∏•‡∏¢‡∏Ñ‡∏∞,"['‡∏£‡∏™‡∏ä‡∏≤‡∏ï‡∏¥', '‡πÅ‡∏¢‡πà', '‡∏à‡∏∑‡∏î', '‡πÅ‡∏Å‡πâ‡∏ß', '‡πÇ‡∏≠‡πÄ‡∏Ñ']",,7,-1
86,‡∏û‡∏ô‡∏±‡∏Å‡∏á‡∏≤‡∏ô‡∏á‡∏≤‡∏ô‡πÑ‡∏õ‡∏Ñ‡∏±‡∏î‡∏°‡∏≤‡∏ï‡∏≤‡∏°‡∏ï‡∏•‡∏≤‡∏î‡∏™‡∏î‡πÉ‡∏ä‡πà‡∏õ‡πà‡∏∞ ‡πÅ‡∏ï‡πà‡∏•‡∏∞‡∏Ñ‡∏ô ‡∏Ç‡∏ô‡∏≤‡∏î‡∏™‡∏≤‡∏Ç‡∏≤ True sphere ‡∏û‡∏≤‡∏£‡∏≤‡∏Å‡∏≠‡∏ô‡∏ô‡∏∞ ‡∏¢‡∏±‡∏á‡πÑ‡∏°‡πà‡∏°‡∏µ‡∏°‡∏≤‡∏£‡∏¢‡∏≤‡∏ó‡πÄ‡∏•‡∏¢,"['‡∏û‡∏ô‡∏±‡∏Å‡∏á‡∏≤‡∏ô', '‡∏á‡∏≤‡∏ô', '‡∏ï‡∏•‡∏≤‡∏î', '‡∏™‡∏î', '‡∏Ñ‡∏ô', '‡∏Ç‡∏ô‡∏≤‡∏î', '‡∏™‡∏≤‡∏Ç‡∏≤', '‡∏û‡∏≤‡∏£‡∏≤‡∏Å‡∏≠‡∏ô']",,11,-1
87,‡πÄ‡∏ô‡πá‡∏ï‡πÄ‡∏£‡πá‡∏ß ‡πÇ‡∏õ‡∏£‡πÄ‡∏ï‡πá‡∏° ‡πÑ‡∏Å‡∏•‡∏à‡∏≤‡∏Å‡∏ö‡πâ‡∏≤‡∏ô ‡∏™‡∏≤‡∏Ç‡∏≤‡∏ô‡πâ‡∏≠‡∏¢ ‡πÑ‡∏°‡πà‡∏ï‡∏¥‡∏î‡∏Å‡∏±‡∏ö‡∏ó‡∏µ‡πà‡∏à‡πà‡∏≤‡∏¢‡∏ö‡∏¥‡∏• ‡∏£‡∏™‡∏ä‡∏≤‡∏ï‡∏¥‡∏á‡∏±‡πâ‡∏ô‡πÜ ‡∏£‡∏≤‡∏Ñ‡∏≤‡∏™‡∏π‡∏á ‡∏™‡πÄ‡∏ï‡∏ô‡∏≠‡∏∞‡πÇ‡∏•‡∏ô ‡πÑ‡∏°‡πà‡∏°‡∏µ‡∏à‡∏≠‡∏î ‡∏î‡∏µ‡∏ô‡∏∞ ‡∏ó‡∏£‡∏π‡∏Ñ‡πä‡∏≠‡∏ü‡∏î‡∏µ‡∏à‡∏£‡∏¥‡∏á‡∏Ñ‡πà‡∏∞,"['‡πÄ‡∏ô‡πá‡∏ï', '‡πÇ‡∏õ‡∏£‡πÄ‡∏ï‡πá‡∏°', '‡∏ö‡πâ‡∏≤‡∏ô', '‡∏™‡∏≤‡∏Ç‡∏≤', '‡∏ï‡∏¥‡∏î', '‡∏à‡πà‡∏≤‡∏¢', '‡∏£‡∏™‡∏ä‡∏≤‡∏ï‡∏¥', '‡∏á‡∏±‡πâ‡∏ô', '‡∏£‡∏≤‡∏Ñ‡∏≤', '‡∏î‡∏µ']",,11,-1
88,‡πÄ‡∏´‡πá‡∏ô‡∏Ñ‡∏ô‡∏Ç‡∏≤‡∏¢‡∏Å‡πá‡∏≠‡∏¢‡∏≤‡∏Å‡∏Ç‡∏≤‡∏¢‡∏ö‡πâ‡∏≤‡∏á‡πÅ‡∏ï‡πà‡∏ù‡∏µ‡∏°‡∏∑‡∏≠‡πÑ‡∏°‡πà‡∏°‡∏µ ‡∏£‡πâ‡∏≤‡∏ô‡∏Ç‡∏≠‡∏á‡∏û‡∏£‡∏∞‡πÄ‡∏ó‡∏û‡∏´‡∏£‡∏∑‡∏≠‡πÄ‡∏õ‡∏•‡πà‡∏≤‡πÄ‡∏´‡πá‡∏ô‡∏ï‡πà‡∏≠‡πÅ‡∏ñ‡∏ß‡∏¢‡∏≤‡∏ß‡πÄ‡∏ä‡∏µ‡∏¢‡∏ß,"['‡∏Ñ‡∏ô', '‡∏Ç‡∏≤‡∏¢', '‡∏Ç‡∏≤‡∏¢', '‡∏ù‡∏µ‡∏°‡∏∑‡∏≠', '‡∏£‡πâ‡∏≤‡∏ô', '‡πÄ‡∏õ‡∏•‡πà‡∏≤', '‡πÅ‡∏ñ‡∏ß', '‡πÄ‡∏ä‡∏µ‡∏¢‡∏ß']",,11,-1
89,‡∏ä‡∏á‡∏Ñ‡∏≤‡∏£‡∏≤‡πÄ‡∏°‡∏• ‡∏°‡∏±‡∏Ñ‡∏Ñ‡∏¥‡∏≠‡∏≤‡πÇ‡∏ï ‡πÑ‡∏î‡πâ‡πÄ‡∏´‡∏°‡∏∑‡∏≠‡∏ô‡∏ô‡πâ‡∏≥‡∏•‡πâ‡∏≤‡∏á‡∏à‡∏≤‡∏ô ‡πÉ‡∏ô‡∏£‡∏≤‡∏Ñ‡∏≤‡∏£‡πâ‡∏≠‡∏¢‡∏Å‡∏ß‡πà‡∏≤ ‡∏õ‡∏£‡∏±‡∏ö‡∏õ‡∏£‡∏∏‡∏á‡∏´‡∏ô‡πà‡∏≠‡∏¢‡∏à‡πâ‡∏≤ ‡∏™‡∏≤‡∏Ç‡∏≤‡∏™‡∏¢‡∏≤‡∏° ‡∏à‡πâ‡∏≤‡∏≤‡∏≤,"['‡πÄ‡∏´‡∏°‡∏∑‡∏≠‡∏ô', '‡∏ô‡πâ‡∏≥', '‡∏•‡πâ‡∏≤‡∏á', '‡∏£‡∏≤‡∏Ñ‡∏≤', '‡∏£‡πâ‡∏≠‡∏¢', '‡∏õ‡∏£‡∏±‡∏ö‡∏õ‡∏£‡∏∏‡∏á', '‡∏™‡∏≤‡∏Ç‡∏≤']",,11,-1
90,‡∏Å‡∏≤‡πÅ‡∏ü‡∏û‡∏≠‡πÉ‡∏ä‡πâ‡πÑ‡∏î‡πâ‡∏ô‡∏∞ ‡πÅ‡∏ï‡πà‡∏£‡∏≤‡∏Ñ‡∏≤‡∏Å‡πá‡∏¢‡∏±‡∏á‡∏™‡∏π‡∏á‡∏Å‡∏ß‡πà‡∏≤‡∏£‡πâ‡∏≤‡∏ô‡∏≠‡∏∑‡πà‡∏ô‡πÜ‡∏≠‡∏¢‡∏∏‡πà ‡∏•‡∏á‡∏£‡∏≤‡∏Ñ‡∏≤‡∏°‡∏≤‡∏´‡∏ô‡πà‡∏≠‡∏¢ ‡∏´‡∏£‡∏∑‡∏≠‡∏à‡∏±‡∏î‡πÇ‡∏ó‡∏£‡πÇ‡∏°‡∏ä‡∏±‡πà‡∏ô‡∏ö‡πâ‡∏≤‡∏á,"['‡∏Å‡∏≤‡πÅ‡∏ü', '‡∏£‡∏≤‡∏Ñ‡∏≤', '‡∏£‡πâ‡∏≤‡∏ô']",,0,-1
91,"‡∏ä‡πà‡∏ß‡∏¢‡πÅ‡∏à‡πâ‡∏á‡πÇ‡∏õ‡∏£‡∏ó‡∏µ‡πà‡πÉ‡∏ä‡πâ‡πÑ‡∏î‡πâ‡∏à‡∏£‡∏¥‡∏á ‡∏û‡∏≠‡πÑ‡∏õ ‡∏≠‡∏∞‡πÑ‡∏£‡∏Å‡πá‡πÄ‡∏ï‡πá‡∏° ‚Äú‡∏´‡∏ß‡∏≤‡∏ô‡∏ô‡πâ‡∏≠‡∏¢ ‚Äú ‡∏Ç‡∏≠‡∏á‡πÅ‡∏ï‡πà‡∏•‡∏∞‡∏™‡∏≤‡∏Ç‡∏≤‡∏Ñ‡∏ß‡∏≤‡∏°‡∏´‡∏ß‡∏≤‡∏ô‡πÑ‡∏°‡πà‡πÄ‡∏ó‡πà‡∏≤‡∏Å‡∏±‡∏ô ‡∏´‡∏ß‡∏≤‡∏ô‡∏ô‡πâ‡∏≠‡∏¢‡∏Ñ‡∏∑‡∏≠ ‡∏´‡∏ß‡∏≤‡∏ô ‡πÅ‡∏•‡∏∞ ‡∏ß‡πä‡∏≤‡∏ô‡∏´‡∏ß‡∏≤‡∏ô , ‡∏ö‡∏≠‡∏Å‡πÑ‡∏°‡πà‡∏´‡∏ß‡∏≤‡∏ô‡∏Ñ‡∏∑‡∏≠‡∏ô‡πâ‡∏≥‡∏•‡πâ‡∏≤‡∏á‡πÅ‡∏Å‡πâ‡∏ß ‡πÅ‡∏°‡πâ‡πÅ‡∏ï‡πà‡∏Å‡∏•‡∏¥‡πà‡∏ô‡∏Å‡∏≤‡πÅ‡∏ü‡∏¢‡∏±‡∏á‡∏à‡∏≤‡∏á...","['‡πÇ‡∏õ‡∏£', '‡πÄ‡∏ï‡πá‡∏°', '‡∏´‡∏ß‡∏≤‡∏ô', '‡∏™‡∏≤‡∏Ç‡∏≤', '‡∏´‡∏ß‡∏≤‡∏ô', '‡∏´‡∏ß‡∏≤‡∏ô', '‡∏´‡∏ß‡∏≤‡∏ô', '‡∏´‡∏ß‡∏≤‡∏ô', '‡∏ô‡πâ‡∏≥', '‡∏•‡πâ‡∏≤‡∏á', '‡πÅ‡∏Å‡πâ‡∏ß', '‡∏Å‡∏•‡∏¥‡πà‡∏ô', '‡∏Å‡∏≤‡πÅ‡∏ü', '‡∏à‡∏≤‡∏á']",,11,-1
92,‡πÇ‡∏Ñ‡∏ï‡∏£‡πÑ‡∏°‡πà‡∏≠‡∏£‡πà‡∏≠‡∏¢‡πÅ‡∏•‡∏∞‡πÑ‡∏°‡πà‡∏Ñ‡∏∏‡πâ‡∏°‡∏£‡∏≤‡∏Ñ‡∏≤,"['‡πÇ‡∏Ñ‡∏ï‡∏£', '‡∏≠‡∏£‡πà‡∏≠‡∏¢', '‡∏Ñ‡∏∏‡πâ‡∏°', '‡∏£‡∏≤‡∏Ñ‡∏≤']",,11,-1
93,‡πÄ‡∏ô‡∏ï‡∏ä‡πâ‡∏≤‡∏°‡∏≤‡∏Å‡πÄ‡∏•‡∏¢‡∏Ñ‡πà‡∏∞‡πÄ‡∏î‡∏µ‡πã‡∏¢‡∏ß‡∏ô‡∏µ‡πâ ‡∏Ç‡∏ô‡∏≤‡∏î‡∏£‡∏≠‡∏ö‡∏ö‡∏¥‡∏•‡πÄ‡∏û‡∏¥‡πà‡∏á‡∏ï‡∏±‡∏î ‡πÄ‡∏ô‡∏ï20GB ‡∏´‡∏°‡∏∏‡∏ô‡πÅ‡∏•‡πâ‡∏ß‡∏´‡∏°‡∏∏‡∏ô‡∏≠‡∏µ‡∏Å,"['‡πÄ‡∏ô‡∏ï', '‡∏Ç‡∏ô‡∏≤‡∏î', '‡∏ï‡∏±‡∏î', '‡πÄ‡∏ô‡∏ï', '‡∏´‡∏°‡∏∏‡∏ô', '‡∏´‡∏°‡∏∏‡∏ô']",,11,-1
94,‡πÄ‡∏ô‡πá‡∏ï‡∏ö‡πâ‡∏≤‡∏ô‡∏´‡∏•‡∏∏‡∏î‡∏ö‡πà‡∏≠‡∏¢‡∏°‡∏≤‡∏Å‡∏Å‡∏Å‡∏Å‡∏Å‡∏Å‡∏Å‡∏Å‡∏Å #‡∏ù‡∏≤‡∏Å‡πÑ‡∏õ‡∏ö‡∏≠‡∏Å‡∏î‡πâ‡∏ß‡∏¢,"['‡πÄ‡∏ô‡πá‡∏ï', '‡∏ö‡πâ‡∏≤‡∏ô', '‡∏´‡∏•‡∏∏‡∏î', '‡∏ù‡∏≤‡∏Å']",,8,-1
95,‡∏û‡∏ô‡∏±‡∏Å‡∏á‡∏≤‡∏ô‡∏£‡∏≠‡∏á‡∏û‡∏∑‡πâ‡∏ô ‡∏´‡∏ô‡∏≤‡∏ä‡∏∞‡∏ú‡∏°‡πÅ‡∏¢‡∏Å‡πÑ‡∏°‡πà‡∏≠‡∏≠‡∏Å‡∏ß‡πà‡∏≤‡∏ó‡∏µ‡πà‡πÇ‡∏£‡∏¢‡∏´‡∏ô‡πâ‡∏≤‡πÅ‡∏Å‡πâ‡∏ß‡∏ô‡∏±‡πâ‡∏ô‡∏ô‡∏°‡∏õ‡∏±‡πâ‡∏ô‡∏£‡∏∂‡∏£‡∏≠‡∏á‡∏û‡∏∑‡πâ‡∏ô,"['‡∏û‡∏ô‡∏±‡∏Å‡∏á‡∏≤‡∏ô', '‡∏´‡∏ô‡∏≤', '‡∏ú‡∏°', '‡∏´‡∏ô‡πâ‡∏≤', '‡πÅ‡∏Å‡πâ‡∏ß', '‡∏ô‡∏°']",,11,-1
96,‡∏ó‡∏∏‡∏Å‡∏≠‡∏¢‡πà‡∏≤‡∏á ‡∏ó‡∏±‡πâ‡∏á‡∏£‡∏™‡∏ä‡∏≤‡∏ï‡∏¥‡πÅ‡∏•‡∏∞‡∏£‡∏≤‡∏Ñ‡∏≤,"['‡∏£‡∏™‡∏ä‡∏≤‡∏ï‡∏¥', '‡∏£‡∏≤‡∏Ñ‡∏≤']",,7,-1
97,‡∏™‡∏¥‡∏ó‡∏ò‡πå‡πÄ‡∏ï‡πá‡∏°‡∏ï‡∏•‡∏≠‡∏î ‡∏≠‡∏µ‡∏ú‡∏µ!!,"['‡∏™‡∏¥‡∏ó‡∏ò‡πå', '‡πÄ‡∏ï‡πá‡∏°']",,6,-1
98,‡∏Ñ‡∏≥‡∏ß‡πà‡∏≤‡∏´‡∏ß‡∏≤‡∏ô‡∏ô‡πâ‡∏≠‡∏¢‡πÑ‡∏°‡πà‡∏°‡∏µ‡∏≠‡∏¢‡∏π‡πà‡∏à‡∏£‡∏¥‡∏á,['‡∏´‡∏ß‡∏≤‡∏ô'],,11,-1
99,‡∏•‡∏≠‡∏á‡πÄ‡∏õ‡∏•‡∏µ‡πà‡∏¢‡∏ô‡πÑ‡∏õ‡∏Ç‡∏≤‡∏¢‡∏≠‡∏¢‡πà‡∏≤‡∏á‡∏≠‡∏∑‡πà‡∏ô‡∏ó‡∏µ‡πà‡πÑ‡∏°‡πà‡πÉ‡∏ä‡πà‡∏Å‡∏≤‡πÅ‡∏ü‡∏î‡∏µ‡∏Å‡∏ß‡πà‡∏≤,"['‡∏•‡∏≠‡∏á', '‡∏Ç‡∏≤‡∏¢', '‡∏Å‡∏≤‡πÅ‡∏ü', '‡∏î‡∏µ']",,0,-1
100,‡∏õ‡∏£‡∏±‡∏ö‡∏õ‡∏£‡∏∏‡∏á‡∏™‡∏±‡∏ç‡∏ç‡∏≤‡∏ô‡∏°‡∏∑‡∏≠‡∏ñ‡∏∑‡∏≠‡∏Å‡πà‡∏≠‡∏ô,"['‡∏õ‡∏£‡∏±‡∏ö‡∏õ‡∏£‡∏∏‡∏á', '‡∏™‡∏±‡∏ç‡∏ç‡∏≤‡∏ô', '‡∏°‡∏∑‡∏≠‡∏ñ‡∏∑‡∏≠']",,11,-1
101,‡∏Å‡∏≤‡πÅ‡∏ü‡πÅ‡∏°‡πà‡∏á‡πÅ‡∏£‡∏á‡∏™‡∏±‡∏™‡∏°‡∏∂‡∏á‡∏à‡∏∞‡∏î‡∏µ‡∏î‡πÑ‡∏õ‡πÑ‡∏´‡∏ô,"['‡∏Å‡∏≤‡πÅ‡∏ü', '‡πÅ‡∏°‡πà‡∏á', '‡πÅ‡∏£‡∏á']",,0,-1
102,‡∏≠‡∏∑‡∏° ‡∏≠‡∏£‡πà‡∏≠‡∏¢‡∏ô‡∏∞ ‡πÅ‡∏ï‡πà‡∏ö‡∏£‡∏£‡∏¢‡∏≤‡∏Å‡∏≤‡∏®‡∏£‡πâ‡∏≤‡∏ô‡∏°‡∏±‡∏ô‡πÅ‡∏õ‡∏•‡∏Å‡πÜ ‡∏Å‡∏∏‡∏ô‡∏∂‡∏Å‡∏ß‡πà‡∏≤‡∏£‡πâ‡∏≤‡∏ô‡∏ó‡∏≠‡∏™‡∏±‡∏ö‡∏≠‡πà‡∏∞,"['‡∏≠‡∏£‡πà‡∏≠‡∏¢', '‡∏ö‡∏£‡∏£‡∏¢‡∏≤‡∏Å‡∏≤‡∏®', '‡∏£‡πâ‡∏≤‡∏ô', '‡πÅ‡∏õ‡∏•‡∏Å', '‡∏£‡πâ‡∏≤‡∏ô']",,6,-1
103,‡∏ä‡∏≠‡∏ö‡∏Å‡∏¥‡∏ô‡∏ä‡∏≤‡πÄ‡∏Ç‡∏µ‡∏¢‡∏ß‡∏°‡∏±‡∏ä‡∏ä‡∏∞‡∏õ‡∏±‡πà‡∏ô‡∏°‡∏≤‡∏Å‡πÜ‡∏Ñ‡πà‡∏∞ ‡∏≠‡∏£‡πà‡∏≠‡∏¢ ‡πÑ‡∏°‡πà‡∏´‡∏ß‡∏≤‡∏ô ‡πÑ‡∏°‡πà‡πÄ‡∏•‡∏µ‡πà‡∏¢‡∏ô,"['‡∏ä‡∏≠‡∏ö', '‡∏Å‡∏¥‡∏ô', '‡∏ä‡∏≤‡πÄ‡∏Ç‡∏µ‡∏¢‡∏ß', '‡∏≠‡∏£‡πà‡∏≠‡∏¢', '‡∏´‡∏ß‡∏≤‡∏ô', '‡πÄ‡∏•‡∏µ‡πà‡∏¢‡∏ô']",,11,-1
104,‡∏≠‡∏¢‡∏≤‡∏Å‡πÉ‡∏´‡πâ‡∏ó‡∏≥‡πÇ‡∏õ‡∏£‡πÄ‡∏¢‡∏≠‡∏∞‡∏Å‡∏ß‡πà‡∏≤‡∏ô‡∏µ‡πâ üôè,"['‡∏ó‡∏≥', '‡πÇ‡∏õ‡∏£‡πÄ‡∏¢‡∏≠‡∏∞']",,11,-1
105,‡∏ó‡∏∏‡∏Å‡∏™‡∏π‡∏ï‡∏£‡∏ó‡∏µ‡πà‡∏°‡∏µ!!,[],,11,-1
106,‡πÑ‡∏°‡πà‡πÄ‡∏Ñ‡∏¢‡∏Å‡∏¥‡∏ô‡πÅ‡∏•‡πâ‡∏ß‡∏£‡∏π‡πâ‡∏™‡∏∂‡∏Å‡∏ñ‡∏∂‡∏á‡∏Ñ‡∏ß‡∏≤‡∏°‡∏≠‡∏£‡πà‡∏≠‡∏¢‡πÄ‡∏•‡∏¢‡πÅ‡∏ö‡∏£‡∏ô‡∏î‡πå‡∏ô‡∏µ‡πâ ‡∏Æ‡∏∑‡πâ‡∏≠‡∏≠‡∏≠‡∏≠ üò≠üò≠,"['‡∏Å‡∏¥‡∏ô', '‡∏£‡∏π‡πâ‡∏™‡∏∂‡∏Å', '‡∏≠‡∏£‡πà‡∏≠‡∏¢', '‡πÅ‡∏ö‡∏£‡∏ô‡∏î‡πå']",,11,-1
107,‡πÄ‡∏ô‡∏ó‡∏Å‡∏≤‡∏Å ‡∏ù‡∏ô‡∏ï‡∏Å‡∏õ‡∏£‡∏≠‡∏¢‡πÜ‡∏ó‡∏µ‡∏ß‡∏µ‡∏ö‡πâ‡∏≤‡∏ô‡∏Å‡∏∏‡∏î‡∏π‡πÑ‡∏°‡πà‡πÑ‡∏î‡πâ‡∏•‡∏∞ Platinum ‡∏ô‡∏∞‡πÄ‡∏´‡πâ‡∏¢,[],,11,-1
108,‡∏£‡∏≤‡∏Ñ‡∏≤‡∏™‡∏π‡∏á ‡πÅ‡∏ï‡πà‡∏™‡∏¥‡πà‡∏á‡∏ó‡∏µ‡πà‡πÑ‡∏î‡πâ‡∏Å‡∏•‡∏±‡∏ö‡∏°‡∏≤‡∏≠‡∏¥‡∏î‡∏≠‡∏Å !! ‡∏ä‡∏≤‡∏û‡∏∞‡∏¢‡∏≠‡∏°,"['‡∏£‡∏≤‡∏Ñ‡∏≤', '‡∏≠‡∏¥‡∏î‡∏≠‡∏Å']",,5,-1
109,‡∏£‡∏™‡∏ä‡∏≤‡∏ï‡∏¥ ‡∏™‡πâ‡∏ß‡∏ô‡∏ï‡∏¥‡∏ô‡∏°‡∏≤‡∏Å 5555,['‡∏£‡∏™‡∏ä‡∏≤‡∏ï‡∏¥'],,7,-1
110,‡∏£‡πâ‡∏≤‡∏ô‡∏™‡∏ß‡∏¢‡πÜ ‡πÅ‡∏ï‡πà‡πÇ‡∏ï‡πä‡∏∞‡πÄ‡∏≠‡∏≤‡πÑ‡∏ß‡πâ‡πÉ‡∏ä‡πâ‡∏™‡∏≠‡∏ô‡∏´‡∏ô‡∏±‡∏á‡∏™‡∏∑‡∏≠,"['‡∏£‡πâ‡∏≤‡∏ô', '‡∏™‡∏ß‡∏¢']",,6,-1
111,‡πÑ‡∏°‡πà‡∏ï‡πâ‡∏≠‡∏á‡∏•‡∏∞‡∏Ñ‡∏£‡∏±‡∏ö ‡∏î‡∏µ‡∏≠‡∏¢‡∏π‡πà,['‡∏î‡∏µ'],,4,-1
112,‡∏™‡∏±‡∏ç‡∏ç‡∏≤‡∏ì‡πÑ‡∏°‡πà‡∏•‡∏∑‡πà‡∏ô‡πÄ‡∏•‡∏¢ ‡πÄ‡∏•‡πà‡∏ô ROV ‡∏Å‡∏£‡∏∞‡∏ï‡∏∏‡∏Å,"['‡∏™‡∏±‡∏ç‡∏ç‡∏≤‡∏ì', '‡πÄ‡∏•‡πà‡∏ô']",,11,-1
113,‡∏ó‡∏£‡∏π ‡∏ï‡πâ‡∏≠‡∏á‡∏Å‡∏¥‡∏ô‡∏ä‡∏≤‡πÄ‡∏¢‡πá‡∏ô‡πÄ‡∏ó‡πà‡∏≤‡∏ô‡∏±‡πâ‡∏ô,"['‡∏ó‡∏£‡∏π', '‡∏Å‡∏¥‡∏ô', '‡∏ä‡∏≤‡πÄ‡∏¢‡πá‡∏ô']",,11,-1
114,‡∏Å‡∏≤‡πÅ‡∏ü‡∏à‡∏∑‡∏î‡∏™‡∏±‡∏î‡πÜ ‡πÄ‡∏õ‡∏£‡∏µ‡πâ‡∏¢‡∏ß‡∏î‡πâ‡∏ß‡∏¢ ‡πÉ‡∏ä‡πâ‡πÇ‡∏£‡∏ö‡∏±‡∏™‡∏ï‡πâ‡∏≤ ‡πÉ‡∏ä‡πà‡∏°‡∏±‡πâ‡∏¢‡∏°‡∏∂‡∏á,"['‡∏Å‡∏≤‡πÅ‡∏ü', '‡∏à‡∏∑‡∏î', '‡πÄ‡∏õ‡∏£‡∏µ‡πâ‡∏¢‡∏ß']",,0,-1
115,‡πÅ‡∏û‡∏á‡πÄ‡∏ä‡∏µ‡∏¢‡∏ß ‡∏£‡∏™‡∏ä‡∏≤‡∏ï‡∏¥‡∏ò‡∏£‡∏£‡∏°‡∏î‡∏≤‡∏°‡∏≤‡∏Å‡∏à‡πà‡∏∞,"['‡πÅ‡∏û‡∏á', '‡πÄ‡∏ä‡∏µ‡∏¢‡∏ß', '‡∏£‡∏™', '‡∏ä‡∏≤‡∏ï‡∏¥', '‡∏ò‡∏£‡∏£‡∏°‡∏î‡∏≤']",,11,-1
116,‡∏ô‡πâ‡∏≥‡πÅ‡∏Ç‡πá‡∏á‡πÄ‡∏Ñ‡πá‡∏°,"['‡∏ô‡πâ‡∏≥', '‡πÅ‡∏Ç‡πá‡∏á', '‡πÄ‡∏Ñ‡πá‡∏°']",,2,-1
117,‡πÅ‡∏û‡∏á‡πÄ‡∏Å‡∏≠‡∏ô ‡πÅ‡∏ï‡πà‡∏£‡∏™‡∏ä‡∏≤‡∏ï‡∏¥‡πÄ‡∏≠‡∏¥‡πà‡∏°‡∏°‡∏°‡∏°,"['‡∏£‡∏™', '‡∏ä‡∏≤‡∏ï‡∏¥']",,11,-1
118,‡∏Ñ‡∏∏‡∏ì‡πÄ‡∏°‡∏¥‡∏á‡∏à‡∏∞‡∏Ñ‡∏£‡∏≠‡∏ö‡∏Ñ‡∏•‡∏∏‡∏°‡∏ó‡∏∏‡∏Å‡∏≠‡∏¢‡πà‡∏≤‡∏á‡πÄ‡∏•‡∏¢‡πÅ‡∏°‡πà‡∏ô‡∏ö‡πà? 555 üòÇ,[],,11,-1
119,‡πÄ‡∏Ñ‡πâ‡∏≤‡∏ß‡πà‡∏≤‡πÇ‡∏Å‡πÇ‡∏Å‡πâ‡πÄ‡∏¢‡πá‡∏ô‡∏≠‡∏£‡πà‡∏≠‡∏¢ ‡∏ú‡∏°‡∏¢‡∏±‡∏á‡πÑ‡∏°‡πà‡πÄ‡∏Ñ‡∏¢‡∏•‡∏≠‡∏á ‡πÉ‡∏Ñ‡∏£‡∏•‡∏≠‡∏á‡πÅ‡∏•‡πâ‡∏ß‡∏¢‡∏∑‡∏ô‡∏¢‡∏±‡∏ô‡∏ó‡∏µ,"['‡πÄ‡∏Ñ‡πâ‡∏≤', '‡πÇ‡∏Å‡πÇ‡∏Å‡πâ', '‡πÄ‡∏¢‡πá‡∏ô', '‡∏≠‡∏£‡πà‡∏≠‡∏¢', '‡∏ú‡∏°', '‡∏•‡∏≠‡∏á', '‡∏•‡∏≠‡∏á']",,11,-1
120,‡πÄ‡∏ô‡πá‡∏ï‡πÄ‡∏ô‡πà‡∏≤‡∏°‡∏≤‡∏Å,['‡πÄ‡∏ô‡πá‡∏ï'],,8,-1
121,‡∏Ñ‡∏ß‡∏≤‡∏°‡πÄ‡∏õ‡πá‡∏ô‡∏≠‡∏≠‡∏£‡∏¥‡∏à‡∏¥‡∏ô‡∏≠‡∏•,[],,11,-1
122,Barista ‡πÑ‡∏°‡πà‡∏°‡∏µ‡∏Ñ‡∏ß‡∏≤‡∏°‡∏£‡∏π‡πâ‡πÄ‡∏£‡∏∑‡πà‡∏≠‡∏á‡∏Å‡∏≤‡πÅ‡∏ü‡∏ô‡∏∞ ‡∏•‡∏≠‡∏á‡∏ñ‡∏≤‡∏°‡∏î‡∏π ‡πÄ‡∏Ñ‡πâ‡∏≤‡πÑ‡∏°‡πà‡∏Ñ‡πà‡∏≠‡∏¢‡∏£‡∏π‡πâ,"['‡∏£‡∏π‡πâ', '‡πÄ‡∏£‡∏∑‡πà‡∏≠‡∏á', '‡∏Å‡∏≤‡πÅ‡∏ü', '‡∏•‡∏≠‡∏á', '‡∏î‡∏π', '‡πÄ‡∏Ñ‡πâ‡∏≤', '‡∏£‡∏π‡πâ']",,11,-1
123,‡∏£‡∏™‡∏ä‡∏≤‡∏ï‡∏¥‡πÑ‡∏°‡πà‡∏≠‡∏£‡πà‡∏≠‡∏¢‡πÑ‡∏≠‡πâ‡∏ó‡∏µ‡πà‡∏°‡∏µ‡∏ß‡∏¥‡∏õ‡∏Ñ‡∏£‡∏µ‡∏° ‡∏ó‡πá‡∏≠‡∏õ‡∏õ‡∏¥‡πâ‡∏á‡∏ï‡πà‡∏≤‡∏á‡πÜ‡∏Å‡πá‡∏´‡∏ß‡∏≤‡∏ô‡πÄ‡∏à‡∏µ‡πä‡∏¢‡∏ö,"['‡∏£‡∏™‡∏ä‡∏≤‡∏ï‡∏¥', '‡∏≠‡∏£‡πà‡∏≠‡∏¢', '‡πÑ‡∏≠‡πâ', '‡∏´‡∏ß‡∏≤‡∏ô']",,7,-1
124,‡∏Å‡πá‡πÑ‡∏î‡πâ‡∏≠‡∏¢‡∏∏‡πà‡∏ô‡∏∞ ‡∏ä‡∏≠‡∏ö‡∏ö‡∏£‡∏£‡∏¢‡∏≤‡∏Å‡∏≤‡∏®‡∏£‡πâ‡∏≤‡∏ô‡∏≠‡∏∞,"['‡∏ä‡∏≠‡∏ö', '‡∏ö‡∏£‡∏£‡∏¢‡∏≤‡∏Å‡∏≤‡∏®', '‡∏£‡πâ‡∏≤‡∏ô', '‡∏≠‡∏∞']",,6,-1
125,‡∏à‡∏∑‡∏î,['‡∏à‡∏∑‡∏î'],,7,-1
126,‡∏û‡∏ô‡∏á.‡∏´‡∏ô‡πâ‡∏≤‡∏ï‡∏π‡∏î (‡∏™‡∏≤‡∏Ç‡∏≤‡πÄ‡∏ã‡πâ‡∏ô‡∏ó‡∏£‡∏±‡∏•‡∏û‡∏£‡∏∞‡∏£‡∏≤‡∏°2),['‡∏û‡∏ô‡∏á'],,11,-1
127,‡∏ó‡∏≥‡∏£‡πâ‡∏≤‡∏ô‡πÄ‡∏´‡∏°‡∏∑‡∏≠‡∏ô‡∏´‡πâ‡∏≠‡∏á‡∏õ‡∏£‡∏∞‡∏ä‡∏∏‡∏° ‡πÑ‡∏°‡πà‡∏Ñ‡πà‡∏≠‡∏¢‡∏Å‡∏•‡πâ‡∏≤‡πÄ‡∏Ç‡πâ‡∏≤‡πÑ‡∏õ‡∏ô‡∏±‡πà‡∏á,"['‡∏ó‡∏≥', '‡∏£‡πâ‡∏≤‡∏ô', '‡πÄ‡∏´‡∏°‡∏∑‡∏≠‡∏ô', '‡∏Å‡∏•‡πâ‡∏≤', '‡∏ô‡∏±‡πà‡∏á']",,6,-1
128,‡∏ï‡πà‡∏≠‡πÑ‡∏õ‡∏Ñ‡∏á‡∏°‡∏µ ‡∏î‡∏µ‡πÅ‡∏ó‡πá‡∏Å/‡πÄ‡∏≠‡πÑ‡∏≠‡πÄ‡∏≠‡∏™ ‡∏Å‡∏≤‡πÅ‡∏ü ‡∏Ñ‡∏≠‡∏¢‡∏î‡∏π,"['‡∏î‡∏µ', '‡∏Å‡∏≤‡πÅ‡∏ü', '‡∏î‡∏π']",,0,-1
129,‡∏£‡πâ‡∏≤‡∏ô‡∏™‡∏ß‡∏¢‡πÄ‡∏Å‡∏¥‡∏ô ‡∏≠‡∏¢‡πà‡∏≤‡πÅ‡∏ï‡πà‡∏á‡∏£‡πâ‡∏≤‡∏ô‡πÄ‡∏¢‡∏≠‡∏∞ ‡∏Ç‡∏≠‡∏á‡∏ó‡∏µ‡πà‡∏ô‡∏±‡πà‡∏á‡πÄ‡∏û‡∏¥‡πà‡∏°,"['‡∏£‡πâ‡∏≤‡∏ô', '‡∏™‡∏ß‡∏¢', '‡∏≠‡∏¢‡πà‡∏≤', '‡∏ô‡∏±‡πà‡∏á']",,6,-1
130,‡πÅ‡∏û‡∏á,['‡πÅ‡∏û‡∏á'],,9,-1
131,‡πÑ‡∏°‡πà‡πÄ‡∏Ñ‡∏¢‡πÅ‡∏î‡∏Å,['‡πÅ‡∏î‡∏Å'],,0,-1
132,‡πÄ‡∏≠‡∏≤‡πÄ‡∏á‡∏¥‡∏ô‡πÑ‡∏õ‡∏û‡∏±‡∏í‡∏ô‡∏≤‡πÄ‡∏ô‡πá‡∏ï‡πÉ‡∏´‡πâ‡∏î‡∏µ‡∏Å‡πà‡∏≠‡∏ô‡∏Ñ‡πà‡∏≠‡∏¢ ‡∏°‡∏≤‡∏ó‡∏≥‡∏ò‡∏∏‡∏£‡∏Å‡∏¥‡∏à‡∏≠‡∏∑‡πà‡∏ô,"['‡πÄ‡∏á‡∏¥‡∏ô', '‡πÄ‡∏ô‡πá‡∏ï', '‡∏î‡∏µ', '‡∏ó‡∏≥', '‡∏ò‡∏∏‡∏£‡∏Å‡∏¥‡∏à']",,11,-1
133,‡∏´‡∏≤‡∏™‡∏≤‡∏Ç‡∏≤‡∏¢‡∏≤‡∏Å‡∏à‡∏£‡∏¥‡∏á üòÇüòÇüòÇ (‡∏≠‡∏¢‡∏≤‡∏Å‡πÑ‡∏î‡πâ‡∏ã‡∏±‡∏Å‡∏™‡∏≤‡∏Ç‡∏≤‡∏°‡∏≤‡πÄ‡∏õ‡∏¥‡∏î‡∏ù‡∏±‡πà‡∏á‡πÑ‡∏≠‡∏ó‡∏µ‡∏™‡πÅ‡∏Ñ‡∏ß‡∏£‡πå üòÇüòÇüòÇ),"['‡∏´‡∏≤', '‡∏™‡∏≤‡∏Ç‡∏≤', '‡∏™‡∏≤‡∏Ç‡∏≤']",,12,-1
134,‡πÄ‡∏Ñ‡∏£‡∏∑‡∏≠‡∏Ç‡πà‡∏≤‡∏¢ ‡∏•‡∏∞‡∏Å‡∏±‡∏ô 555,[],,11,-1
135,‡πÄ‡∏ô‡πá‡∏ï‡∏´‡∏•‡∏∏‡∏î‡∏ï‡∏•‡∏≠‡∏î‡∏ó‡∏±‡πâ‡∏á‡∏°‡∏∑‡∏≠‡∏ñ‡∏∑‡∏≠‡∏ó‡∏±‡πâ‡∏á‡πÄ‡∏ô‡πá‡∏ï‡∏ö‡πâ‡∏≤‡∏ô ‡∏ô‡∏µ‡πà‡∏ã‡∏∑‡πâ‡∏≠4 g ‡∏ô‡∏∞ ‡πÑ‡∏î‡πâ3 g ‡∏ï‡∏•‡∏≠‡∏î,"['‡πÄ‡∏ô‡πá‡∏ï', '‡∏´‡∏•‡∏∏‡∏î', '‡∏°‡∏∑‡∏≠‡∏ñ‡∏∑‡∏≠', '‡πÄ‡∏ô‡πá‡∏ï', '‡∏ö‡πâ‡∏≤‡∏ô', '‡∏ã‡∏∑‡πâ‡∏≠']",,8,-1
136,‡∏à‡πà‡∏≤‡∏¢‡∏Ñ‡πà‡∏≤‡πÇ‡∏ó...‡∏î‡πâ‡∏ß‡∏¢...‡∏´‡∏≠‡∏°‡∏Å‡∏•‡∏¥‡πà‡∏ô‡∏Å‡∏≤‡πÅ‡∏ü..‡∏î‡πâ‡∏ß‡∏¢.. ‡πÑ‡∏°‡πà‡πÑ‡∏î‡πâ‡∏ï‡∏±‡∏á‡∏Ñ‡πå‡∏ô‡∏≤‡∏á‡∏´‡∏£‡πâ‡∏≠‡∏Å,"['‡∏à‡πà‡∏≤‡∏¢', '‡∏Ñ‡πà‡∏≤', '‡∏´‡∏≠‡∏°', '‡∏Å‡∏•‡∏¥‡πà‡∏ô', '‡∏Å‡∏≤‡πÅ‡∏ü']",,0,-1
137,‡∏™‡∏≤‡∏Ç‡∏≤‡πÄ‡∏ß‡∏™‡πÄ‡∏Å‡∏ï ‡∏û‡∏ô‡∏±‡∏Å‡∏á‡∏≤‡∏ô‡πÇ‡∏Ñ‡∏£‡∏ï‡πÅ‡∏´‡∏•‡πà‡∏°,['‡∏û‡∏ô‡∏±‡∏Å‡∏á‡∏≤‡∏ô'],,4,-1
138,‡πÅ‡∏û‡∏á‡∏á‡∏á‡∏á‡∏á ‡πÉ‡∏ä‡πâ‡∏ó‡∏£‡∏π‡∏û‡πâ‡∏≠‡∏¢‡∏Å‡∏¥‡∏ô‡∏ü‡∏£‡∏µ ‡∏¢‡∏±‡∏á‡πÄ‡∏™‡∏µ‡∏¢‡∏î‡∏≤‡∏¢‡πÄ‡∏•‡∏¢,"['‡∏ó‡∏£‡∏π', '‡∏û‡πâ‡∏≠‡∏¢', '‡∏Å‡∏¥‡∏ô', '‡πÄ‡∏™‡∏µ‡∏¢‡∏î‡∏≤‡∏¢']",,11,-1
139,‡πÅ‡∏û‡∏á‡∏à‡∏±‡∏á‡∏Ñ‡πà‡∏∞ ‡∏ñ‡πâ‡∏≤‡πÄ‡∏õ‡∏£‡∏µ‡∏¢‡∏ö‡∏Å‡∏±‡∏ö‡πÅ‡∏ö‡∏£‡∏ô‡∏î‡πå‡∏≠‡∏∑‡πà‡∏ô,"['‡πÅ‡∏û‡∏á', '‡πÅ‡∏ö‡∏£‡∏ô‡∏î‡πå']",,10,-1
140,‡∏ö‡∏£‡∏£‡∏¢‡∏≤‡∏Å‡∏≤‡∏®‡∏ö‡∏≤‡∏á‡∏™‡∏≤‡∏Ç‡∏≤‡πÑ‡∏°‡πà‡∏Å‡∏•‡πâ‡∏≤‡πÄ‡∏Ç‡πâ‡∏≤.,"['‡∏ö‡∏£‡∏£‡∏¢‡∏≤‡∏Å‡∏≤‡∏®', '‡∏™‡∏≤‡∏Ç‡∏≤', '‡∏Å‡∏•‡πâ‡∏≤']",,11,-1
141,‡∏£‡∏™‡∏ä‡∏≤‡∏ï‡∏¥‡∏Å‡∏≤‡πÅ‡∏ü‡∏Ñ‡πà‡∏∞ ‡πÑ‡∏°‡πà‡πÑ‡∏î‡πâ‡πÄ‡∏£‡∏∑‡πà‡∏≠‡∏á ‡∏Ç‡∏≤‡∏¢‡πÅ‡∏ï‡πà‡∏ã‡∏¥‡∏°‡∏Å‡∏∞‡πÇ‡∏ó‡∏™‡∏±‡∏ö‡∏ï‡πà‡∏≠‡πÑ‡∏õ‡πÄ‡∏ñ‡∏≠‡∏∞,"['‡∏£‡∏™‡∏ä‡∏≤‡∏ï‡∏¥', '‡∏Å‡∏≤', '‡πÅ‡∏ü', '‡πÄ‡∏£‡∏∑‡πà‡∏≠‡∏á', '‡∏Ç‡∏≤‡∏¢']",,7,-1
142,‡∏£‡∏™‡∏ä‡∏≤‡∏ï‡∏¥‡∏Å‡∏≤‡πÅ‡∏ü‡∏Ñ‡πà‡∏∞ ‡∏≠‡πà‡∏≠‡∏ô‡πÄ‡∏Å‡∏¥‡∏ô‡πÑ‡∏õ ‡∏à‡∏∑‡∏î‡∏î‡πâ‡∏ß‡∏¢ ‡πÑ‡∏°‡πà‡∏≠‡∏£‡πà‡∏≠‡∏¢‡πÄ‡∏•‡∏¢,"['‡∏£‡∏™‡∏ä‡∏≤‡∏ï‡∏¥', '‡∏Å‡∏≤', '‡πÅ‡∏ü', '‡∏à‡∏∑‡∏î', '‡∏≠‡∏£‡πà‡∏≠‡∏¢']",,7,-1
143,‡∏£‡πâ‡∏≤‡∏ô‡∏ô‡∏µ‡πâ ‡∏ä‡∏≠‡∏ö‡∏Å‡∏≤‡πÅ‡∏ü ‡πÄ‡∏â‡∏û‡∏≤‡∏∞ signature. ‡∏£‡∏™‡∏ä‡∏≤‡∏ï‡∏¥‡∏î‡∏µ ‡∏û‡∏ô‡∏±‡∏Å‡∏á‡∏≤‡∏ô ‡∏ö‡∏£‡∏¥‡∏Å‡∏≤‡∏£ ‡∏î‡∏µ,"['‡∏£‡πâ‡∏≤‡∏ô', '‡∏ä‡∏≠‡∏ö', '‡∏Å‡∏≤‡πÅ‡∏ü', '‡∏£‡∏™‡∏ä‡∏≤‡∏ï‡∏¥', '‡∏î‡∏µ', '‡∏û‡∏ô‡∏±‡∏Å‡∏á‡∏≤‡∏ô', '‡∏ö‡∏£‡∏¥‡∏Å‡∏≤‡∏£', '‡∏î‡∏µ']",,4,-1
144,‡πÑ‡∏°‡πà‡∏°‡∏µ‡∏ó‡∏£‡∏π‡∏Å‡∏≤‡∏£‡πå‡∏î‡πÑ‡∏°‡πà‡∏°‡∏µ‡∏™‡∏¥‡∏ó‡∏ò‡∏¥‡πÅ‡∏î‡∏£‡∏Å‡∏Å‡∏Å‡∏Å ‡∏ö‡∏≤‡∏á‡∏™‡∏≤‡∏Ç‡∏≤‡∏ô‡∏∞,"['‡∏ó‡∏£‡∏π‡∏Å‡∏≤‡∏£‡πå‡∏î', '‡∏™‡∏¥‡∏ó‡∏ò‡∏¥', '‡∏™‡∏≤‡∏Ç‡∏≤']",,11,-1
145,‡∏£‡πâ‡∏≤‡∏ô‡∏™‡∏ß‡∏¢ ‡∏£‡∏™‡∏ä‡∏≤‡∏ï‡∏¥‡πÅ‡∏¢‡πà ‡∏£‡∏≤‡∏Ñ‡∏≤‡πÅ‡∏û‡∏á,"['‡∏£‡πâ‡∏≤‡∏ô', '‡∏™‡∏ß‡∏¢', '‡∏£‡∏™‡∏ä‡∏≤‡∏ï‡∏¥', '‡πÅ‡∏¢‡πà', '‡∏£‡∏≤‡∏Ñ‡∏≤', '‡πÅ‡∏û‡∏á']",,11,-1
146,americano ‡∏à‡∏≤‡∏á‡∏°‡∏≤‡∏Å‡∏Å‡∏Å‡∏Å‡∏Å ‡πÑ‡∏°‡πà‡πÇ‡∏≠‡πÄ‡∏Ñ‡∏£‡πÄ‡∏•‡∏¢,['‡∏à‡∏≤‡∏á'],,11,-1
147,‡∏™‡∏¥‡∏ó‡∏ò‡∏¥‡πå‡πÄ‡∏ï‡πá‡∏°‡∏ï‡∏•‡∏≠‡∏î ‡πÑ‡∏°‡πà‡πÄ‡∏Ñ‡∏¢‡πÑ‡∏î‡πâ‡πÉ‡∏ä‡πâ ‡∏à‡∏∞‡∏°‡∏µ‡∏ó‡∏≥‡πÑ‡∏°,"['‡∏™‡∏¥‡∏ó‡∏ò‡∏¥‡πå', '‡πÄ‡∏ï‡πá‡∏°']",,6,-1
148,‡∏£‡∏≤‡∏Ñ‡∏≤‡∏ô‡∏±‡∏Å‡∏ò‡∏∏‡∏£‡∏Å‡∏¥‡∏à ‡∏£‡∏™‡∏ä‡∏≤‡∏ï‡∏¥‡∏õ‡∏±‡πà‡∏ô‡∏™‡∏≤‡∏°‡∏•‡πâ‡∏≠,"['‡∏£‡∏≤‡∏Ñ‡∏≤', '‡∏ò‡∏∏‡∏£‡∏Å‡∏¥‡∏à', '‡∏£‡∏™‡∏ä‡∏≤‡∏ï‡∏¥']",,7,-1
149,‡πÄ‡∏´‡∏°‡∏∑‡∏≠‡∏ô‡∏õ‡∏£‡∏∞‡∏ä‡∏î ‡πÄ‡∏Ñ‡∏¢‡πÑ‡∏î‡πâ‡πÇ‡∏õ‡∏£‡∏ü‡∏£‡∏µ‡πÄ‡∏õ‡πá‡∏ô‡∏Å‡∏≤‡πÅ‡∏ü‡∏£‡πâ‡∏≠‡∏ô‡∏ï‡∏≠‡∏ô‡∏´‡∏ô‡πâ‡∏≤‡∏£‡πâ‡∏≠‡∏ô,"['‡πÄ‡∏´‡∏°‡∏∑‡∏≠‡∏ô', '‡∏Å‡∏≤‡πÅ‡∏ü', '‡∏£‡πâ‡∏≠‡∏ô', '‡∏ï‡∏≠‡∏ô', '‡∏´‡∏ô‡πâ‡∏≤', '‡∏£‡πâ‡∏≠‡∏ô']",,0,-1
150,‡πÇ‡∏õ‡∏£‡∏Ç‡∏≠‡∏á‡∏ó‡∏£‡∏∏‡πÄ‡∏ô‡∏µ‡πà‡∏¢ ‡πÄ‡∏ï‡πá‡∏°‡∏ï‡∏•‡∏≠‡∏î‡∏î‡∏î‡∏î‡∏î ‡∏¢‡∏Å‡πÄ‡∏•‡∏¥‡∏Å‡πÑ‡∏õ‡πÄ‡∏´‡∏≠‡∏∞,"['‡πÇ‡∏õ‡∏£', '‡∏î‡∏î‡∏î‡∏î', '‡πÄ‡∏´‡∏≠‡∏∞']",,11,-1
151,‡πÑ‡∏°‡πà‡πÄ‡∏Ñ‡∏¢‡∏ó‡∏≤‡∏ô,['‡∏ó‡∏≤‡∏ô'],,11,-1
152,‡∏ô‡∏µ‡πà‡∏Å‡∏≤‡πÅ‡∏ü‡∏´‡∏£‡∏∑‡∏≠‡∏ô‡πâ‡∏≥‡∏•‡πâ‡∏≤‡∏á..(‡∏°‡∏∑‡∏≠),"['‡∏Å‡∏≤‡πÅ‡∏ü', '‡∏ô‡πâ‡∏≥', '‡∏•‡πâ‡∏≤‡∏á', '‡∏°‡∏∑‡∏≠']",,0,-1
153,‡∏à‡∏∞‡∏Å‡∏¥‡∏ô‡∏ó‡∏µ‡πÑ‡∏£‡πÇ‡∏õ‡∏£‡πÄ‡∏ï‡πá‡∏°‡∏ó‡∏∏‡∏Å‡∏ó‡∏µ‡πÅ‡∏•‡πâ‡∏ß‡∏à‡∏∞‡πÑ‡∏õ‡∏°‡∏µ‡∏™‡∏¥‡∏ó‡∏ò‡∏¥‡πÄ‡∏û‡∏∑‡πà‡∏≠,"['‡∏Å‡∏¥‡∏ô', '‡πÇ‡∏õ‡∏£‡πÄ‡∏ï‡πá‡∏°', '‡∏™‡∏¥‡∏ó‡∏ò‡∏¥']",,11,-1
154,‡∏Å‡∏≤‡πÅ‡∏ü‡πÑ‡∏°‡πà‡∏≠‡∏£‡πà‡∏≠‡∏¢‡πÄ‡∏•‡∏¢ ‡∏£‡∏≤‡∏Ñ‡∏≤‡∏ñ‡∏π‡∏Å‡∏¢‡∏±‡∏á‡πÑ‡∏á‡∏Å‡πá‡πÑ‡∏°‡πà‡∏Ñ‡∏∏‡πâ‡∏°,"['‡∏Å‡∏≤‡πÅ‡∏ü', '‡∏≠‡∏£‡πà‡∏≠‡∏¢', '‡∏£‡∏≤‡∏Ñ‡∏≤', '‡∏Ñ‡∏∏‡πâ‡∏°']",,0,-1
155,‡∏ä‡∏≤‡πÑ‡∏ó‡∏¢‡∏ó‡∏µ‡πà‡πÄ‡∏õ‡πá‡∏ô‡∏ô‡πâ‡∏≥‡πÅ‡∏Ç‡πá‡∏á‡∏õ‡πà‡∏ô‡∏ô‡πâ‡∏≥‡∏ô‡πâ‡∏≠‡∏¢‡πÑ‡∏õ ‡∏î‡∏π‡∏î‡πÅ‡∏õ‡∏õ‡πÄ‡∏î‡∏µ‡∏¢‡∏ß‡∏´‡∏°‡∏î,"['‡∏ä‡∏≤', '‡πÑ‡∏ó‡∏¢', '‡∏ô‡πâ‡∏≥', '‡πÅ‡∏Ç‡πá‡∏á', '‡∏ô‡πâ‡∏≥', '‡∏î‡∏π‡∏î']",,2,-1
156,‡πÇ‡∏õ‡∏£‡∏ó‡∏≥‡πÑ‡∏°‡∏ï‡πâ‡∏≠‡∏á‡πÉ‡∏ä‡πâ‡∏ó‡∏£‡∏π‡∏Å‡∏≤‡∏£‡πå‡∏î‡∏î‡πâ‡∏ß‡∏¢‡∏≠‡πà‡∏∞,"['‡πÇ‡∏õ‡∏£', '‡∏ó‡∏£‡∏π‡∏Å‡∏≤‡∏£‡πå‡∏î', '‡∏≠‡πà‡∏∞']",,11,-1
157,‡∏™‡∏¥‡∏ó‡∏ò‡∏¥‡πå‡πÄ‡∏ï‡πá‡∏°‡∏ï‡∏•‡∏≠‡∏î‡∏î‡∏î‡∏î‡∏î üôÑ,"['‡∏™‡∏¥‡∏ó‡∏ò‡∏¥‡πå', '‡πÄ‡∏ï‡πá‡∏°', '‡∏î‡∏î‡∏î‡∏î']",,6,-1
158,‡∏£‡∏≤‡∏Ñ‡∏≤‡πÅ‡∏£‡∏á ‡∏ä‡∏á‡∏ä‡πâ‡∏≤‡∏ä‡∏¥‡∏ö‡∏´‡∏≤‡∏¢ ‡πÅ‡∏ñ‡∏°‡πÑ‡∏°‡πà‡∏≠‡∏£‡πà‡∏≠‡∏¢,"['‡∏£‡∏≤‡∏Ñ‡∏≤', '‡πÅ‡∏£‡∏á', '‡∏ä‡∏á', '‡∏´‡∏≤‡∏¢', '‡πÅ‡∏ñ‡∏°', '‡∏≠‡∏£‡πà‡∏≠‡∏¢']",,11,-1
159,‡∏≠‡∏µ‡∏ô‡∏µ‡πà‡∏Å‡πá‡πÅ‡∏≠‡∏ö‡πÅ‡∏û‡∏á‡πÑ‡∏õ..‡πÅ‡∏î‡∏Å‡∏Ñ‡πà‡∏≤‡πÄ‡∏ô‡∏ï‡πÑ‡∏°‡πà‡∏û‡∏≠ ‡∏¢‡∏±‡∏á‡∏°‡∏≤‡∏Å‡∏î‡∏£‡∏≤‡∏Ñ‡∏≤‡∏Å‡∏≤‡πÅ‡∏ü‡∏≠‡∏µ‡∏Å üò°,"['‡πÅ‡∏î‡∏Å', '‡∏Ñ‡πà‡∏≤', '‡πÄ‡∏ô‡∏ï', '‡∏Å‡∏î', '‡∏£‡∏≤‡∏Ñ‡∏≤', '‡∏Å‡∏≤‡πÅ‡∏ü']",,0,-1
160,‡πÑ‡∏õ‡πÄ‡∏£‡∏µ‡∏¢‡∏ô‡∏°‡∏≤‡πÉ‡∏´‡∏°‡πà,['‡πÄ‡∏£‡∏µ‡∏¢‡∏ô'],,13,-1
161,‡∏≠‡∏±‡∏ô‡∏ô‡∏µ‡πâ‡∏Å‡πá‡πÑ‡∏°‡πà‡∏ï‡πà‡∏≤‡∏á‡∏à‡∏≤‡∏Å‡∏™‡∏ï‡∏≤‡∏£‡πå‡∏ö‡∏±‡πä‡∏Ñ,[],,11,-1
162,‡πÅ‡∏û‡∏á‡πÑ‡∏õ‡∏Ñ‡πà‡∏∞ ‡∏ó‡∏µ‡πà‡∏ö‡∏≠‡∏Å‡∏ß‡πà‡∏≤‡πÅ‡∏û‡∏á‡πÄ‡∏û‡∏£‡∏≤‡∏∞‡∏Ñ‡∏∏‡∏ì‡∏†‡∏≤‡∏û‡∏°‡∏±‡∏ô‡πÑ‡∏°‡πà‡∏™‡∏°‡∏£‡∏≤‡∏Ñ‡∏≤‡∏Ñ‡πà‡∏∞,"['‡πÅ‡∏û‡∏á', '‡πÅ‡∏û‡∏á', '‡∏Ñ‡∏∏‡∏ì‡∏†‡∏≤‡∏û', '‡∏™‡∏°‡∏£‡∏≤‡∏Ñ‡∏≤']",,10,-1
163,‡∏£‡πâ‡∏≤‡∏ô‡∏ô‡∏µ‡πâ‡∏à‡∏∞‡∏ï‡∏≤‡∏°‡∏£‡∏≠‡∏¢ starbuck ‡πÅ‡∏ï‡πà‡∏Å‡πá‡∏≠‡πà‡∏∞‡∏ô‡∏∞,"['‡∏£‡πâ‡∏≤‡∏ô', '‡∏≠‡πà‡∏∞']",,6,-1
164,‡∏£‡∏™‡∏ä‡∏≤‡∏ï‡∏¥‡∏á‡∏±‡πâ‡∏ô‡πÜ,"['‡∏£‡∏™‡∏ä‡∏≤‡∏ï‡∏¥', '‡∏á‡∏±‡πâ‡∏ô']",,7,-1
165,‡πÄ‡∏£‡∏≤‡∏•‡∏π‡∏Å‡∏Ñ‡πâ‡∏≤‡∏ó‡∏£‡∏π ‡πÅ‡∏ï‡πà‡πÄ‡∏£‡∏≤‡πÑ‡∏°‡πà‡πÄ‡∏Ñ‡∏¢‡πÑ‡∏î‡πâ‡πÉ‡∏ä‡πâ‡∏™‡∏¥‡∏ó‡∏ò‡∏¥‡∏ó‡∏£‡∏π ‡πÉ‡∏ô‡∏Å‡∏≤‡∏£‡∏ã‡∏∑‡πâ‡∏≠‡∏ó‡∏£‡∏π‡∏Ñ‡∏≠‡∏ü‡∏ü‡∏µ‡πà ‡πÄ‡∏•‡∏¢‡∏¢‡∏¢‡∏¢‡∏¢‡∏¢,"['‡∏•‡∏π‡∏Å‡∏Ñ‡πâ‡∏≤', '‡∏ó‡∏£‡∏π', '‡∏™‡∏¥‡∏ó‡∏ò‡∏¥', '‡∏ó‡∏£‡∏π', '‡∏ã‡∏∑‡πâ‡∏≠', '‡∏ó‡∏£‡∏π‡∏Ñ‡∏≠‡∏ü‡∏ü‡∏µ‡πà']",,11,-1
166,‡∏à‡∏£‡∏¥‡∏á... ‡πÑ‡∏°‡πà‡πÄ‡∏Ñ‡∏¢‡πÉ‡∏ä‡πâ‡∏™‡∏¥‡∏ó‡∏ò‡∏¥‡πå‡πÑ‡∏î‡πâ‡πÄ‡∏•‡∏¢ ‡∏£‡∏™‡∏ä‡∏≤‡∏ï‡∏¥‡∏á‡∏±‡πâ‡∏ô‡πÜ,"['‡∏™‡∏¥‡∏ó‡∏ò‡∏¥‡πå', '‡∏£‡∏™‡∏ä‡∏≤‡∏ï‡∏¥', '‡∏á‡∏±‡πâ‡∏ô']",,7,-1
167,‡∏´‡∏ß‡∏≤‡∏ô‡πÄ‡∏Å‡∏¥‡∏ô‡πÑ‡∏õ  ‡πÑ‡∏°‡πà‡∏≠‡∏£‡πà‡∏≠‡∏¢  ‡πÑ‡∏°‡πà‡∏´‡∏≠‡∏°,"['‡∏´‡∏ß‡∏≤‡∏ô', '‡∏≠‡∏£‡πà‡∏≠‡∏¢', '‡∏´‡∏≠‡∏°']",,2,-1
168,‡∏£‡∏≤‡∏Ñ‡∏≤‡πÅ‡∏£‡∏á‡πÄ‡∏ß‡πà‡∏≠‡∏£‡πå ‡∏£‡∏™‡∏ä‡∏≤‡∏ï‡πÄ‡∏ó‡πà‡∏≤‡πÜ‡∏£‡πâ‡∏≤‡∏ô‡∏ï‡∏•‡∏≤‡∏î‡∏Ñ‡πà‡∏∞,"['‡∏£‡∏≤‡∏Ñ‡∏≤', '‡πÅ‡∏£‡∏á', '‡∏£‡∏™‡∏ä‡∏≤‡∏ï', '‡∏£‡πâ‡∏≤‡∏ô', '‡∏ï‡∏•‡∏≤‡∏î']",,11,-1
169,‡πÑ‡∏°‡πà‡πÄ‡∏Ñ‡∏¢‡πÅ‡∏î‡∏Å,['‡πÅ‡∏î‡∏Å'],,0,-1
170,‡πÅ‡∏û‡∏á‡∏≠‡∏¥‡πä‡∏ö‡∏≠‡πä‡∏≤‡∏¢,['‡πÅ‡∏û‡∏á'],,9,-1
171,‡πÅ‡∏Å‡πâ‡∏ß‡∏à‡∏∞‡πÄ‡∏•‡πá‡∏Å‡πÑ‡∏õ‡πÑ‡∏´‡∏ô,['‡πÅ‡∏Å‡πâ‡∏ß'],,11,-1
172,‡∏ô‡πâ‡∏≥‡πÅ‡∏Ç‡πá‡∏á‡∏•‡∏î‡πÜ‡∏•‡∏á‡∏ö‡πâ‡∏≤‡∏á‡∏ô‡∏∞‡∏Ñ‡∏∞‡∏ó‡∏±‡πâ‡∏á‡πÄ‡∏°‡∏ô‡∏π‡πÅ‡∏ö‡∏ö‡∏õ‡∏±‡πà‡∏ô‡πÅ‡∏•‡∏∞‡πÅ‡∏ö‡∏ö‡πÄ‡∏¢‡πá‡∏ô,"['‡∏ô‡πâ‡∏≥', '‡πÅ‡∏Ç‡πá‡∏á', '‡∏•‡∏î', '‡πÄ‡∏°‡∏ô‡∏π', '‡∏õ‡∏±‡πà‡∏ô', '‡πÄ‡∏¢‡πá‡∏ô']",,2,-1
173,‡∏Å‡∏≤‡∏£‡πÅ‡∏ï‡πà‡∏á‡∏ï‡∏±‡∏ß‡∏û‡∏ô‡∏±‡∏Å‡∏á‡∏≤‡∏ô‡∏ú‡∏π‡πâ‡∏´‡∏ç‡∏¥‡∏á‡∏™‡∏ß‡∏¢‡∏°‡∏≤‡∏Å‡∏Ñ‡∏£‡∏±‡∏ö‚Äã ‡πÑ‡∏°‡πà‡∏£‡∏π‡πâ‡∏ß‡πà‡∏≤‡∏Å‡∏£‡∏∞‡πÇ‡∏õ‡∏á‡∏à‡∏∞‡∏ö‡∏≤‡∏ô‡πÑ‡∏õ‡πÑ‡∏´‡∏ô,"['‡πÅ‡∏ï‡πà‡∏á', '‡∏ï‡∏±‡∏ß', '‡∏û‡∏ô‡∏±‡∏Å‡∏á‡∏≤‡∏ô', '‡∏™‡∏ß‡∏¢', '‡∏£‡∏π‡πâ']",,11,-1
174,‡πÑ‡∏°‡πà‡∏≠‡∏£‡πà‡∏≠‡∏¢‡πÄ‡∏•‡∏¢‡∏≠‡∏∞,"['‡∏≠‡∏£‡πà‡∏≠‡∏¢', '‡∏≠‡∏∞']",,3,-1
175,‡πÑ‡∏î‡πâ‡πÇ‡∏õ‡∏£‡∏ó‡∏µ‡πÑ‡∏£ ‡πÑ‡∏õ‡πÅ‡∏î‡∏£‡∏Å.. ‡∏≠‡πà‡∏≠‡πÜ ‡∏ú‡∏π‡πâ‡πÉ‡∏ä‡πâ‡∏™‡∏¥‡∏ó‡∏ò‡∏¥‡πå‡∏Ñ‡∏£‡∏ö‡πÅ‡∏•‡πâ‡∏ß‡∏Ñ‡πà‡∏∞.. ‡∏™‡∏≤‡∏î‡∏î,['‡∏™‡∏¥‡∏ó‡∏ò‡∏¥‡πå'],,6,-1
176,‡πÅ‡∏Å‡πâ‡∏ß‡∏™‡∏ß‡∏¢  ‡∏£‡∏π‡πâ‡∏™‡∏∂‡∏Å‡πÅ‡∏õ‡∏•‡∏Å‡∏î‡∏µ‡∏ó‡∏µ‡πà‡πÑ‡∏°‡πà‡πÄ‡∏Ñ‡∏¢‡πÄ‡∏´‡πá‡∏ô‡∏™‡∏µ‡πÄ‡∏Ñ‡∏£‡∏∑‡πà‡∏≠‡∏á‡∏î‡∏∑‡πà‡∏°‡∏Ç‡∏≠‡∏á‡∏£‡πâ‡∏≤‡∏ô,"['‡πÅ‡∏Å‡πâ‡∏ß', '‡∏™‡∏ß‡∏¢', '‡∏£‡∏π‡πâ‡∏™‡∏∂‡∏Å', '‡πÅ‡∏õ‡∏•‡∏Å', '‡∏î‡∏µ', '‡∏™‡∏µ', '‡πÄ‡∏Ñ‡∏£‡∏∑‡πà‡∏≠‡∏á', '‡∏î‡∏∑‡πà‡∏°', '‡∏£‡πâ‡∏≤‡∏ô']",,11,-1
177,‡∏Ç‡∏≠‡∏Ñ‡∏ß‡∏≤‡∏°‡∏≠‡∏£‡πà‡∏≠‡∏¢‡∏ö‡πâ‡∏≤‡∏á‡∏à‡∏∞‡πÑ‡∏î‡πâ‡πÑ‡∏´‡∏°,"['‡∏≠‡∏£‡πà‡∏≠‡∏¢', '‡πÑ‡∏´‡∏°']",,3,-1
178,‡∏≠‡∏£‡πà‡∏≠‡∏¢ ‡πÅ‡∏ï‡πà‡πÅ‡∏û‡∏á‡πÑ‡∏õ‡∏°‡∏±‡πâ‡∏¢ ‡∏à‡∏∞‡πÄ‡∏≠‡∏≤‡πÄ‡∏á‡∏¥‡∏ô‡πÑ‡∏õ‡∏à‡πà‡∏≤‡∏¢‡∏Ñ‡πà‡∏≤‡∏õ‡∏£‡∏∞‡∏°‡∏π‡∏•‡∏Ñ‡∏•‡∏∑‡πà‡∏ô‡∏´‡∏£‡∏≤,"['‡∏≠‡∏£‡πà‡∏≠‡∏¢', '‡πÅ‡∏û‡∏á', '‡πÄ‡∏á‡∏¥‡∏ô', '‡∏à‡πà‡∏≤‡∏¢', '‡∏Ñ‡πà‡∏≤']",,10,-1
179,‡πÑ‡∏°‡πà‡∏Ñ‡πà‡∏≠‡∏¢‡∏°‡∏µ‡∏Ñ‡∏•‡∏∑‡πà‡∏ô,[],,11,-1
180,‡πÑ‡∏°‡πà‡∏£‡∏π‡πâ‡∏à‡∏∞‡πÉ‡∏´‡πâ‡∏õ‡∏£‡∏±‡∏ö‡∏õ‡∏£‡∏∏‡∏á‚Äã‡∏≠‡∏∞‡πÑ‡∏£ ‡πÄ‡∏û‡∏£‡∏≤‡∏∞‡πÑ‡∏°‡πà‡πÄ‡∏Ñ‡∏¢‡πÅ‡∏î‡∏Å555,"['‡∏£‡∏π‡πâ', '‡∏õ‡∏£‡∏±‡∏ö‡∏õ‡∏£‡∏∏‡∏á', '‡πÅ‡∏î‡∏Å']",,11,-1
181,‡πÄ‡∏Ñ‡∏¢‡∏Å‡∏¥‡∏ô‡∏Ñ‡∏£‡∏±‡πâ‡∏á‡∏ô‡∏∂‡∏á‡∏™‡∏°‡∏±‡∏¢‡πÄ‡∏õ‡∏ô‡∏û‡∏ô‡∏á.‡πÄ‡∏û‡∏£‡∏≤‡∏∞‡∏°‡∏±‡∏ô‡∏•‡∏î‡∏£‡∏≤‡∏Ñ‡∏≤‡∏≠‡∏¥‡∏≠‡∏¥,"['‡∏Å‡∏¥‡∏ô', '‡∏ô‡∏∂‡∏á', '‡∏û‡∏ô‡∏á', '‡∏•‡∏î', '‡∏£‡∏≤‡∏Ñ‡∏≤']",,11,-1
182,‡∏£‡∏™‡∏Ç‡∏≤‡∏ï‡∏¥‡πÅ‡∏ö‡∏ö‡∏ô‡∏µ‡πâ‡πÅ‡∏î‡∏Å‡∏ô‡πâ‡∏≥‡πÄ‡∏õ‡∏•‡πà‡∏≤‡∏î‡∏µ‡∏Å‡∏ß‡πà‡∏≤,"['‡πÄ‡∏õ‡∏•‡πà‡∏≤', '‡∏î‡∏µ']",,4,-1
183,‡πÅ‡∏¢‡πà‡∏°‡∏≤‡∏Å. ‡∏ñ‡∏∂‡∏á‡∏°‡∏≤‡∏Å‡∏ó‡∏µ‡πà‡∏™‡∏∏‡∏î‡∏û‡∏ô‡∏±‡∏Å‡∏á‡∏≤‡∏ô‡∏Å‡πá‡πÅ‡∏¢‡πà. ‡πÉ‡∏ô‡∏ö‡πâ‡∏≤‡∏á‡∏Ñ‡∏ô,"['‡πÅ‡∏¢‡πà', '‡∏û‡∏ô‡∏±‡∏Å‡∏á‡∏≤‡∏ô', '‡πÅ‡∏¢‡πà', '‡∏Ñ‡∏ô']",,11,-1
184,‡πÄ‡∏£‡∏∑‡πà‡∏≠‡∏á‡∏Å‡∏≤‡∏£‡πÉ‡∏ä‡πâ‡∏û‡πâ‡∏≠‡∏¢‡πÅ‡∏•‡∏Å‡∏Ñ‡πà‡∏∞ ‡∏à‡∏∞‡πÑ‡∏õ‡πÅ‡∏•‡∏Å‡∏ó‡∏µ‡πÑ‡∏£‡πÅ‡∏°‡πà‡∏á‡πÄ‡∏ï‡πá‡∏°‡∏ó‡∏∏‡∏Å‡∏ó‡∏µ,"['‡πÄ‡∏£‡∏∑‡πà‡∏≠‡∏á', '‡∏û‡πâ‡∏≠‡∏¢', '‡πÅ‡∏•‡∏Å', '‡πÅ‡∏•‡∏Å', '‡πÅ‡∏°‡πà‡∏á', '‡πÄ‡∏ï‡πá‡∏°']",,11,-1
185,‡∏£‡∏™‡∏ä‡∏≤‡∏î,['‡∏£‡∏™‡∏ä‡∏≤‡∏î'],,5,-1
186,‡πÄ‡∏û‡∏¥‡πà‡∏°‡∏™‡∏≤‡∏Ç‡∏≤‡πÄ‡∏¢‡∏≠‡∏∞‡πÜ,['‡∏™‡∏≤‡∏Ç‡∏≤'],,12,-1
187,Love ‡∏°‡∏≤‡∏Å‡∏Å‡∏Å‡∏Å 1 ‡πÅ‡∏ñ‡∏°1 ‡∏ó‡∏∏‡∏Å‡∏Ñ‡∏£‡∏±‡πâ‡∏á‡∏ó‡∏µ‡πà‡∏ã‡∏∑‡πâ‡∏≠ üòä,"['‡∏°‡∏≤‡∏Å‡∏Å‡∏Å‡∏Å', '‡πÅ‡∏ñ‡∏°', '‡∏ã‡∏∑‡πâ‡∏≠']",,11,-1
188,‡∏£‡πâ‡∏≤‡∏ô‡∏î‡∏π‡∏î‡∏µ‡∏à‡∏ô‡πÑ‡∏°‡πà‡∏Å‡∏•‡πâ‡∏≤‡πÄ‡∏Ç‡πâ‡∏≤‡∏Ñ‡πà‡∏∞ ‡∏™‡πà‡∏ß‡∏ô‡∏£‡∏≤‡∏Ñ‡∏≤‡πÑ‡∏°‡πà‡∏Å‡∏•‡πâ‡∏≤‡∏ã‡∏∑‡πâ‡∏≠‡∏Ñ‡πà‡∏∞ ‡∏Å‡∏•‡∏±‡∏ß‡πÑ‡∏°‡πà‡∏Ñ‡∏∏‡πâ‡∏°,"['‡∏£‡πâ‡∏≤‡∏ô', '‡∏î‡∏π', '‡∏î‡∏µ', '‡∏Å‡∏•‡πâ‡∏≤', '‡∏£‡∏≤‡∏Ñ‡∏≤', '‡∏Å‡∏•‡πâ‡∏≤', '‡∏ã‡∏∑‡πâ‡∏≠', '‡∏Å‡∏•‡∏±‡∏ß', '‡∏Ñ‡∏∏‡πâ‡∏°']",,11,-1
189,‡πÅ‡∏û‡∏á‡πÑ‡∏õ,['‡πÅ‡∏û‡∏á'],,9,-1
190,‡πÇ‡∏î‡∏¢‡∏™‡πà‡∏ß‡∏ô‡∏ï‡∏±‡∏ß ‡∏ó‡∏£‡∏π‡∏ó‡∏µ‡πà‡∏≠‡∏≠‡∏ü‡∏ü‡∏¥‡∏® ‡∏£‡∏™‡∏ä‡∏≤‡∏ï‡∏¥‡∏î‡∏µ‡∏Ñ‡πà‡∏∞ ‡∏û‡∏ô‡∏±‡∏Å‡∏á‡∏≤‡∏ô‡∏ô‡πà‡∏≤‡∏£‡∏±‡∏Å,"['‡∏ï‡∏±‡∏ß', '‡∏ó‡∏£‡∏π', '‡∏£‡∏™‡∏ä‡∏≤‡∏ï‡∏¥', '‡∏î‡∏µ', '‡∏û‡∏ô‡∏±‡∏Å‡∏á‡∏≤‡∏ô']",,4,-1
191,‡∏™‡∏≥‡∏´‡∏£‡∏±‡∏ö‡∏ú‡∏° ‡πÇ‡∏Æ‡∏à‡∏¥‡∏ä‡∏≤ ‡∏Ç‡∏≠‡πÉ‡∏´‡πâ‡∏°‡∏µ‡∏Ç‡∏≤‡∏¢‡∏ï‡∏•‡∏≠‡∏î‡∏õ‡∏µ‡∏û‡∏≠ ‡∏õ‡∏•‡∏∑‡πâ‡∏°‡∏°‡∏≤‡∏Å,"['‡∏™‡∏≥‡∏´‡∏£‡∏±‡∏ö', '‡∏ú‡∏°', '‡∏Ç‡∏≤‡∏¢', '‡∏õ‡∏µ']",,11,-1
192,‡∏£‡πâ‡∏≤‡∏ô‡πÄ‡∏õ‡∏¥‡∏î‡∏ï‡∏á‡πÑ‡∏´‡∏ô,['‡∏£‡πâ‡∏≤‡∏ô'],,6,-1
193,‡πÅ‡∏û‡∏á ‡πÅ‡∏ñ‡∏°‡πÑ‡∏°‡πà‡πÑ‡∏î‡πâ‡πÄ‡∏£‡∏∑‡πà‡∏≠‡∏á ‡πÑ‡∏°‡πà‡∏≠‡∏£‡πà‡∏≠‡∏¢,"['‡πÅ‡∏û‡∏á', '‡πÅ‡∏ñ‡∏°', '‡πÄ‡∏£‡∏∑‡πà‡∏≠‡∏á', '‡∏≠‡∏£‡πà‡∏≠‡∏¢']",,10,-1
194,‡∏£‡∏™‡∏ä‡∏≤‡∏ï‡∏¥‡πÑ‡∏°‡πà‡∏≠‡∏£‡πà‡∏≠‡∏¢‡πÄ‡∏•‡∏¢‡∏Ñ‡πà‡∏∞,"['‡∏£‡∏™‡∏ä‡∏≤‡∏ï‡∏¥', '‡∏≠‡∏£‡πà‡∏≠‡∏¢']",,7,-1
195,‡∏≠‡∏¢‡∏≤‡∏Å‡∏•‡∏î‡∏ô‡πâ‡∏≥‡πÅ‡∏Ç‡πá‡∏á‡∏ä‡∏≤‡πÑ‡∏ó‡∏¢‡∏´‡∏ô‡πà‡∏≠‡∏¢‡∏Ñ‡πà‡∏∞ ‡∏°‡∏±‡∏ô‡πÅ‡∏ô‡πà‡∏ô‡πÄ‡∏Å‡∏¥‡πä‡∏ô,"['‡∏•‡∏î', '‡∏ô‡πâ‡∏≥', '‡πÅ‡∏Ç‡πá‡∏á', '‡∏ä‡∏≤', '‡πÑ‡∏ó‡∏¢']",,2,-1
196,‡πÑ‡∏°‡πà‡πÄ‡∏Ñ‡∏¢‡∏Å‡∏¥‡∏ô ... ‡∏ú‡πà‡∏≤‡∏ô,['‡∏Å‡∏¥‡∏ô'],,1,-1
197,‡πÄ‡∏õ‡∏¥‡∏î‡∏™‡∏≤‡∏Ç‡∏≤‡πÄ‡∏û‡∏¥‡πà‡∏°‡∏ó‡∏µ,['‡∏™‡∏≤‡∏Ç‡∏≤'],,12,-1
198,‡πÑ‡∏°‡πà‡∏ï‡πâ‡∏≠‡∏á‡∏õ‡∏£‡∏±‡∏ö‡∏õ‡∏£‡∏∏‡∏á‡∏≠‡∏∞‡πÑ‡∏£‡πÄ‡∏•‡∏¢‡∏Ñ‡∏£‡∏±‡∏ö ‡∏°‡∏∂‡∏á‡∏Ñ‡∏ß‡∏£‡∏õ‡∏¥‡∏î‡∏Å‡∏¥‡∏à‡∏Å‡∏≤‡∏£‡πÑ‡∏õ‡πÄ‡∏•‡∏¢,['‡∏õ‡∏£‡∏±‡∏ö‡∏õ‡∏£‡∏∏‡∏á'],,11,-1
199,‡∏£‡∏™‡∏ä‡∏≤‡∏î,['‡∏£‡∏™‡∏ä‡∏≤‡∏î'],,5,-1
200,‡∏õ‡∏£‡∏±‡∏ö‡∏õ‡∏£‡∏∏‡∏á‡πÄ‡∏£‡∏∑‡πà‡∏≠‡∏á ‡∏≠‡∏¥‡∏ô‡πÄ‡∏ï‡∏≠‡∏£‡πå‡πÄ‡∏ô‡πá‡∏ï ‡∏î‡πâ‡∏ß‡∏¢,"['‡∏õ‡∏£‡∏±‡∏ö‡∏õ‡∏£‡∏∏‡∏á', '‡πÄ‡∏£‡∏∑‡πà‡∏≠‡∏á', '‡∏≠‡∏¥‡∏ô‡πÄ‡∏ï‡∏≠‡∏£‡πå‡πÄ‡∏ô‡πá‡∏ï']",,11,-1
201,‡πÑ‡∏°‡πà‡πÄ‡∏Ñ‡∏¢‡∏Å‡∏¥‡∏ô,['‡∏Å‡∏¥‡∏ô'],,1,-1
202,‡∏ñ‡πâ‡∏≤‡∏°‡∏µ‡∏™‡πà‡∏ß‡∏ô‡∏•‡∏î ‡∏Å‡∏≤‡πÅ‡∏ü‡∏Å‡πá‡πÇ‡∏≠‡πÄ‡∏Ñ‡∏≠‡∏¢‡∏π‡πà‡∏ô‡∏∞,"['‡∏•‡∏î', '‡∏Å‡∏≤‡πÅ‡∏ü', '‡πÇ‡∏≠‡πÄ‡∏Ñ']",,0,-1
203,#‡∏ã‡∏∑‡πâ‡∏≠‡∏õ‡∏∏‡πä‡∏õ #‡∏ó‡∏¥‡πâ‡∏á‡∏õ‡∏±‡πä‡∏õ,"['‡∏ã‡∏∑‡πâ‡∏≠', '‡∏ó‡∏¥‡πâ‡∏á']",,11,-1
204,‡∏ä‡∏≤‡πÄ‡∏Ç‡∏µ‡∏¢‡∏ß‡∏õ‡∏±‡πà‡∏ô‡∏≠‡∏£‡πà‡∏≠‡∏¢‡∏î‡∏µ,"['‡∏ä‡∏≤‡πÄ‡∏Ç‡∏µ‡∏¢‡∏ß', '‡∏î‡∏µ']",,4,-1
205,‡∏Å‡∏¥‡∏ô‡∏Å‡∏≤‡πÅ‡∏ü‡πÅ‡∏•‡πâ‡∏ß‡πÑ‡∏°‡πà‡πÑ‡∏î‡πâ‡∏£‡∏π‡πâ‡∏™‡∏∂‡∏Å‡∏≠‡∏£‡πà‡∏≠‡∏¢‡∏™‡∏±‡∏Å‡∏Ñ‡∏£‡∏±‡πâ‡∏á ‡πÅ‡∏ï‡πà‡∏Ç‡∏ô‡∏°‡∏≠‡∏£‡πà‡∏≠‡∏¢‡∏°‡∏≤‡∏Å‡πÜ,"['‡∏Å‡∏¥‡∏ô', '‡∏Å‡∏≤‡πÅ‡∏ü', '‡∏£‡∏π‡πâ‡∏™‡∏∂‡∏Å', '‡∏≠‡∏£‡πà‡∏≠‡∏¢', '‡∏™‡∏±‡∏Å', '‡∏Ç‡∏ô‡∏°', '‡∏≠‡∏£‡πà‡∏≠‡∏¢']",,2,-1
206,‡∏•‡∏≤‡πÄ‡∏ï‡πâ‡πÄ‡∏¢‡πá‡∏ô‡∏Ñ‡∏ß‡∏£‡πÉ‡∏™‡πà‡∏ô‡∏°‡πÄ‡∏¢‡∏≠‡∏∞‡πÜ‡∏ô‡∏∞‡∏Ñ‡πà‡∏∞ ‡∏ô‡∏µ‡πà‡∏Ç‡∏°‡∏≠‡∏¢‡πà‡∏≤‡∏Å‡∏∞‡∏≠‡πÄ‡∏°‡∏£‡∏¥‡∏Å‡∏≤‡πÇ‡∏ô‡πà,"['‡∏•‡∏≤‡πÄ‡∏ï‡πâ', '‡πÄ‡∏¢‡πá‡∏ô', '‡πÉ‡∏™‡πà', '‡∏ô‡∏°', '‡∏Ç‡∏°']",,11,-1
207,‡∏£‡∏≤‡∏Ñ‡∏≤‡πÅ‡∏û‡∏á,"['‡∏£‡∏≤‡∏Ñ‡∏≤', '‡πÅ‡∏û‡∏á']",,10,-1
208,‡πÅ‡∏û‡∏á‡πÅ‡∏ñ‡∏°‡πÑ‡∏°‡πà‡∏≠‡∏£‡πà‡∏≠‡∏¢,"['‡πÅ‡∏û‡∏á', '‡πÅ‡∏ñ‡∏°', '‡∏≠‡∏£‡πà‡∏≠‡∏¢']",,10,-1
209,"‡∏ä‡∏≤‡πÑ‡∏ó‡∏¢‡∏≠‡∏£‡πà‡∏≠‡∏¢‡∏°‡∏≤‡∏Å‡∏Ñ‡πà‡∏∞ ‡πÅ‡∏ï‡πà‡∏î‡∏π‡∏î‡πÅ‡∏õ‡∏õ‡πÄ‡∏î‡∏µ‡∏¢‡∏ß‡∏´‡∏°‡∏î >,<","['‡∏ä‡∏≤', '‡πÑ‡∏ó‡∏¢', '‡∏≠‡∏£‡πà‡∏≠‡∏¢']",,2,-1
210,‡∏£‡∏≤‡∏Ñ‡∏≤‡∏•‡∏î‡πÜ‡∏´‡∏ô‡πà‡∏≠‡∏¢‡∏Å‡πá‡πÑ‡∏î‡πâ ‡∏£‡∏™‡∏ä‡∏≤‡∏ï‡∏¥‡∏Å‡πá‡∏ó‡∏±‡πà‡∏ß‡πÜ‡πÑ‡∏õ,"['‡∏£‡∏≤‡∏Ñ‡∏≤', '‡∏•‡∏î', '‡∏£‡∏™‡∏ä‡∏≤‡∏ï‡∏¥']",,7,-1
211,‡∏û‡∏ô‡∏±‡∏Å‡∏á‡∏≤‡∏ô,['‡∏û‡∏ô‡∏±‡∏Å‡∏á‡∏≤‡∏ô'],,4,-1
212,‡πÑ‡∏°‡πà‡πÄ‡∏Ñ‡∏¢‡∏Å‡∏¥‡∏ô,['‡∏Å‡∏¥‡∏ô'],,1,-1
213,‡∏ã‡∏¥‡∏Å‡πÄ‡∏ô‡πÄ‡∏à‡∏≠‡∏£‡πå ‡∏≠‡∏£‡πà‡∏≠‡∏¢ ‡∏à‡∏ö‡∏Ç‡πà‡∏≤‡∏ß,"['‡∏ã‡∏¥‡∏Å‡πÄ‡∏ô‡πÄ‡∏à‡∏≠‡∏£‡πå', '‡∏≠‡∏£‡πà‡∏≠‡∏¢', '‡∏à‡∏ö']",,2,-1
214,‡∏ä‡∏≠‡∏ö‡∏Å‡∏≤‡πÅ‡∏ü‡∏ó‡∏£‡∏π‡∏°‡∏≤‡∏Å‡∏Å‡∏Å‡∏Å ‡πÅ‡∏ï‡πà‡∏™‡∏¥‡∏ó‡∏ò‡∏¥‡πå‡∏Å‡πá‡∏´‡∏°‡∏î‡πÄ‡∏£‡πá‡∏ß‡∏°‡∏≤‡∏Å‡πÄ‡∏ä‡πà‡∏ô‡∏Å‡∏±‡∏ô,"['‡∏ä‡∏≠‡∏ö', '‡∏Å‡∏≤‡πÅ‡∏ü', '‡∏ó‡∏£‡∏π', '‡∏°‡∏≤‡∏Å‡∏Å‡∏Å‡∏Å', '‡∏™‡∏¥‡∏ó‡∏ò‡∏¥‡πå']",,11,-1
215,‡πÄ‡∏•‡∏¥‡∏Å‡πÉ‡∏ä‡πâ‡∏Å‡∏≤‡πÅ‡∏ü‡πÄ‡∏û‡∏∑‡πà‡∏≠‡∏ô ‡∏°‡∏≤‡πÉ‡∏ä‡πâ‡∏Å‡∏≤‡πÅ‡∏ü‡∏Ñ‡∏∏‡∏ì‡∏†‡∏≤‡∏û‡πÑ‡∏î‡πâ‡πÅ‡∏•‡πâ‡∏ß‡∏Ñ‡∏£‡∏±‡∏ö,"['‡πÄ‡∏•‡∏¥‡∏Å', '‡∏Å‡∏≤‡πÅ‡∏ü', '‡∏Å‡∏≤‡πÅ‡∏ü', '‡∏Ñ‡∏∏‡∏ì‡∏†‡∏≤‡∏û']",,0,-1
216,‡∏õ‡∏£‡∏±‡∏ö‡∏õ‡∏£‡∏∏‡∏á‡πÄ‡∏£‡∏∑‡πà‡∏≠‡∏á‡∏£‡∏≤‡∏Ñ‡∏≤ ‡∏Å‡∏±‡∏ö ‡∏ù‡∏µ‡∏°‡∏∑‡∏≠‡∏Å‡∏≤‡∏£‡∏ä‡∏á‡∏Ç‡∏≠‡∏á ‡∏û‡∏ô‡∏á. ‡∏Ñ‡πà‡∏∞ üòÇ,"['‡∏õ‡∏£‡∏±‡∏ö‡∏õ‡∏£‡∏∏‡∏á', '‡πÄ‡∏£‡∏∑‡πà‡∏≠‡∏á', '‡∏£‡∏≤‡∏Ñ‡∏≤', '‡∏ù‡∏µ‡∏°‡∏∑‡∏≠', '‡∏ä‡∏á', '‡∏û‡∏ô‡∏á']",,11,-1
217,‡∏£‡∏™‡∏ä‡∏≤‡∏ï‡∏¥‡∏Å‡∏≤‡πÅ‡∏ü‡πÅ‡∏Å‡πâ‡∏ß‡∏•‡∏∞99‡∏Ñ‡∏∑‡∏≠‡∏ô‡πâ‡∏≥‡∏•‡πâ‡∏≤‡∏á‡πÄ‡∏ó‡πâ‡∏≤‡∏î‡∏µ‡πÜ‡∏ô‡∏µ‡πà‡πÄ‡∏≠‡∏á,"['‡∏£‡∏™‡∏ä‡∏≤‡∏ï‡∏¥', '‡∏Å‡∏≤', '‡πÅ‡∏ü', '‡πÅ‡∏Å‡πâ‡∏ß', '‡∏ô‡πâ‡∏≥', '‡∏•‡πâ‡∏≤‡∏á', '‡∏î‡∏µ']",,2,-1
218,‡∏£‡∏£‡∏™‡∏ä‡∏≤‡∏ï‡∏¥‡πÇ‡∏≠‡πÄ‡∏Ñ‡πÅ‡∏ï‡πà‡∏°‡∏±‡∏ô‡∏î‡∏π‡πÑ‡∏°‡πà‡∏™‡∏°‡∏£‡∏≤‡∏Ñ‡∏≤‡πÄ‡∏ó‡πà‡∏≤‡πÑ‡∏´‡∏£‡πà,"['‡πÇ‡∏≠‡πÄ‡∏Ñ', '‡∏î‡∏π', '‡∏™‡∏°', '‡∏£‡∏≤‡∏Ñ‡∏≤', '‡πÑ‡∏´‡∏£‡πà']",,11,-1
219,‡∏≠‡∏£‡πà‡∏≠‡∏¢‡πÅ‡∏•‡πâ‡∏ß‡πÑ‡∏°‡∏≤‡∏ï‡πâ‡∏≠‡∏á‡∏õ‡∏£‡πâ‡∏ö,['‡∏≠‡∏£‡πà‡∏≠‡∏¢'],,3,-1
220,‡∏ô‡πâ‡∏≥‡πÅ‡∏Ç‡πá‡∏á‡∏ó‡∏µ‡πà‡πÉ‡∏™‡πà ‡∏ô‡∏∂‡∏Å‡∏ß‡πà‡∏≤‡∏™‡∏±‡πà‡∏á‡∏ä‡∏≤‡πÄ‡∏¢‡πá‡∏ô‡∏û‡∏¥‡πÄ‡∏®‡∏©‡∏ô‡πâ‡∏≥‡πÅ‡∏Ç‡πá‡∏á ‡πÄ‡∏¢‡∏≠‡∏∞‡∏Å‡∏ß‡πà‡∏≤‡∏ô‡πâ‡∏≥‡∏ó‡∏µ‡πâ‡∏≤‡∏á‡∏≠‡∏µ‡∏Å,"['‡∏ô‡πâ‡∏≥', '‡πÅ‡∏Ç‡πá‡∏á', '‡πÉ‡∏™‡πà', '‡∏ô‡∏∂‡∏Å', '‡∏™‡∏±‡πà‡∏á', '‡∏ä‡∏≤', '‡πÄ‡∏¢‡πá‡∏ô', '‡∏û‡∏¥‡πÄ‡∏®‡∏©', '‡∏ô‡πâ‡∏≥', '‡πÅ‡∏Ç‡πá‡∏á', '‡∏ô‡πâ‡∏≥']",,2,-1
221,‡πÑ‡∏°‡πà‡πÄ‡∏Ñ‡∏¢‡∏Å‡∏¥‡∏ô ‡∏ô‡∏∂‡∏Å‡∏ß‡πà‡∏≤‡∏Ç‡∏≤‡∏¢‡πÇ‡∏ó‡∏£‡∏®‡∏±‡∏û‡∏ó‡πå,"['‡∏Å‡∏¥‡∏ô', '‡∏ô‡∏∂‡∏Å', '‡∏Ç‡∏≤‡∏¢', '‡πÇ‡∏ó‡∏£‡∏®‡∏±‡∏û‡∏ó‡πå']",,11,-1
222,‡πÅ‡∏û‡∏á ‡πÑ‡∏°‡πà‡∏≠‡∏£‡πà‡∏≠‡∏¢,"['‡πÅ‡∏û‡∏á', '‡∏≠‡∏£‡πà‡∏≠‡∏¢']",,10,-1
223,‡πÅ‡∏û‡∏á‡∏™‡∏∏‡∏î ‡∏¢‡∏¥‡πà‡∏á‡∏Å‡∏ß‡πà‡∏≤‡∏ï‡∏≤‡∏ö‡∏±‡πä‡∏Å‡∏≠‡∏µ‡∏Å,['‡πÅ‡∏û‡∏á'],,9,-1
224,‡∏£‡∏™‡∏ä‡∏≤‡∏ï‡∏¥ ‡∏ô‡πâ‡∏≥‡πÅ‡∏Ç‡πá‡∏á‡∏à‡∏∞‡∏≠‡∏±‡∏î‡πÄ‡∏¢‡∏≠‡∏∞‡πÑ‡∏õ‡πÑ‡∏´‡∏ô,"['‡∏£‡∏™‡∏ä‡∏≤‡∏ï‡∏¥', '‡∏ô‡πâ‡∏≥', '‡πÅ‡∏Ç‡πá‡∏á', '‡∏≠‡∏±‡∏î']",,2,-1
225,‡∏Å‡∏≤‡πÅ‡∏ü ‡∏£‡∏™‡∏ä‡∏≤‡∏ï‡∏¥‡∏î‡∏µ    ‡∏û‡∏ô‡∏±‡∏Å‡∏á‡∏≤‡∏ô ‡∏´‡∏ô‡πâ‡∏≤‡∏ï‡∏≤‡∏¢‡∏¥‡πâ‡∏°‡πÅ‡∏¢‡πâ‡∏°,"['‡∏Å‡∏≤‡πÅ‡∏ü', '‡∏£‡∏™‡∏ä‡∏≤‡∏ï‡∏¥', '‡∏î‡∏µ', '‡∏û‡∏ô‡∏±‡∏Å‡∏á‡∏≤‡∏ô', '‡∏´‡∏ô‡πâ‡∏≤‡∏ï‡∏≤']",,4,-1
226,‡πÅ‡∏û‡∏á‡πÄ‡∏Å‡∏¥‡πâ‡∏ô‡∏ô‡∏ô,[],,11,-1
227,‡πÄ‡∏´‡∏°‡∏∑‡∏≠‡∏ô‡∏ô‡πâ‡∏≥‡∏•‡πâ‡∏≤‡∏á‡πÅ‡∏Å‡πâ‡∏ß‡∏Å‡∏≤‡πÅ‡∏ü ‡∏à‡∏∑‡∏î‡∏à‡∏≤‡∏á‡πÄ‡∏ö‡∏≤‡∏ö‡∏≤‡∏á‡∏°‡∏≤‡∏Å,"['‡πÄ‡∏´‡∏°‡∏∑‡∏≠‡∏ô', '‡∏ô‡πâ‡∏≥', '‡∏•‡πâ‡∏≤‡∏á', '‡πÅ‡∏Å‡πâ‡∏ß', '‡∏Å‡∏≤‡πÅ‡∏ü', '‡∏à‡∏∑‡∏î', '‡∏à‡∏≤‡∏á']",,2,-1
228,‡∏£‡∏™‡∏ä‡∏≤‡∏ï‡∏¥‡∏´‡πà‡∏ß‡∏¢‡∏Ç‡∏±‡πâ‡∏ô‡πÄ‡∏ó‡∏û ‡πÅ‡∏û‡∏á‡∏°‡∏≤‡∏Å‡πÑ‡∏°‡πà‡∏™‡∏°‡∏£‡∏≤‡∏Ñ‡∏≤,"['‡∏£‡∏™‡∏ä‡∏≤‡∏ï‡∏¥', '‡∏´‡πà‡∏ß‡∏¢', '‡πÅ‡∏û‡∏á', '‡∏™‡∏°‡∏£‡∏≤‡∏Ñ‡∏≤']",,10,-1
229,‡πÄ‡∏£‡∏∑‡πà‡∏≠‡∏á‡∏Å‡∏≤‡πÅ‡∏ü,"['‡πÄ‡∏£‡∏∑‡πà‡∏≠‡∏á', '‡∏Å‡∏≤‡πÅ‡∏ü']",,0,-1
230,‡πÑ‡∏•‡πà‡∏•‡∏π‡∏Å‡∏Ñ‡πâ‡∏≤‡∏ô‡∏±‡πà‡∏á‡∏ï‡∏¥‡∏ß‡∏ô‡∏≤‡∏ô(‡∏™‡∏≤‡∏î) ‡∏ó‡∏µ‡πà‡∏û‡∏≤‡∏£‡∏≤‡∏Å‡πâ‡∏≠‡∏ô,"['‡∏•‡∏π‡∏Å‡∏Ñ‡πâ‡∏≤', '‡∏ô‡∏±‡πà‡∏á']",,11,-1
231,‡πÑ‡∏°‡πà‡∏Å‡∏•‡πâ‡∏≤‡πÄ‡∏Ç‡πâ‡∏≤ ‡πÄ‡∏£‡∏≤‡πÉ‡∏ä‡πâ AIS. üòÇ,['‡∏Å‡∏•‡πâ‡∏≤'],,11,-1
232,‡∏™‡∏¥‡∏ó‡∏ò‡∏¥‡πå‡πÄ‡∏ï‡πá‡∏°‡πÄ‡∏Å‡πà‡∏á‡∏á‡∏á‡∏á‡∏á ‡πÑ‡∏õ‡πÅ‡∏•‡∏Å‡∏ó‡∏µ‡πà‡πÑ‡∏£‡∏ö‡∏≠‡∏Å‡πÄ‡∏ï‡πá‡∏°‡∏ó‡∏∏‡∏Å‡∏ó‡∏µ,"['‡∏™‡∏¥‡∏ó‡∏ò‡∏¥‡πå', '‡πÄ‡∏ï‡πá‡∏°', '‡∏á‡∏á', '‡∏á‡∏á', '‡πÅ‡∏•‡∏Å', '‡πÄ‡∏ï‡πá‡∏°']",,6,-1
233,‡∏£‡∏™‡∏ä‡∏≤‡∏ï‡∏¥‡πÑ‡∏°‡πà‡πÑ‡∏î‡πâ‡πÄ‡∏Ç‡πâ‡∏≤‡∏Å‡∏±‡∏ö‡∏ö‡∏£‡∏£‡∏¢‡∏≤‡∏Å‡∏≤‡∏®‡∏£‡πâ‡∏≤‡∏ô‡πÄ‡∏•‡∏¢,"['‡∏£‡∏™‡∏ä‡∏≤‡∏ï‡∏¥', '‡∏ö‡∏£‡∏£‡∏¢‡∏≤‡∏Å‡∏≤‡∏®', '‡∏£‡πâ‡∏≤‡∏ô']",,6,-1
234,‡∏õ‡∏£‡∏±‡∏ö‡∏õ‡∏£‡∏∏‡∏á‡∏£‡∏™‡∏ä‡∏≤‡∏ï‡∏¥‡∏Ñ‡πà‡∏∞,"['‡∏õ‡∏£‡∏±‡∏ö‡∏õ‡∏£‡∏∏‡∏á', '‡∏£‡∏™‡∏ä‡∏≤‡∏ï‡∏¥']",,7,-1
235,‡πÄ‡∏´‡∏•‡∏∑‡∏≠‡πÅ‡∏Å‡πâ‡∏ß‡∏•‡∏∞50-60‡∏à‡∏∞‡πÄ‡∏õ‡πá‡∏ô‡∏ä‡πâ‡∏≠‡∏¢‡πÅ‡∏£‡∏Å‡πÄ‡∏•‡∏¢‡∏ï‡∏±‡∏î starbuck ‡∏ó‡∏¥‡πâ‡∏á‡πÑ‡∏õ,"['‡∏ï‡∏±‡∏î', '‡∏ó‡∏¥‡πâ‡∏á']",,11,-1
236,‡∏¢‡∏±‡∏á‡πÑ‡∏°‡πà‡πÄ‡∏Ñ‡∏¢‡∏Å‡∏¥‡∏ô,['‡∏Å‡∏¥‡∏ô'],,1,-1
237,‡∏≠‡∏£‡πà‡∏≠‡∏¢‡∏Ñ‡∏∞ ‡πÅ‡∏ï‡πà‡πÅ‡∏û‡∏á‡πÑ‡∏õ‡∏ô‡∏¥‡∏î‡∏ô‡∏∂‡∏á‡πÜ ‡∏Ñ‡∏Ñ‡∏´‡∏™‡∏ï.,"['‡∏≠‡∏£‡πà‡∏≠‡∏¢', '‡πÅ‡∏û‡∏á']",,10,-1
238,‡∏™‡∏≤‡∏Ç‡∏≤‡∏ó‡∏µ‡πà‡πÑ‡∏õ‡∏õ‡∏£‡∏∞‡∏à‡∏≥‡∏≠‡∏¢‡∏π‡πà‡∏î‡∏µ‡πÜ‡∏Ñ‡∏ß‡∏ö‡∏Å‡∏±‡∏ö‡∏£‡πâ‡∏≤‡∏ô‡∏≠‡∏≤‡∏´‡∏≤‡∏£‡∏à‡πâ‡∏≤ ‡∏à‡∏ö‡πÄ‡∏•‡∏¢,"['‡∏™‡∏≤‡∏Ç‡∏≤', '‡∏õ‡∏£‡∏∞‡∏à‡∏≥', '‡∏î‡∏µ', '‡∏£‡πâ‡∏≤‡∏ô', '‡∏à‡∏ö']",,6,-1
239,‡πÑ‡∏°‡πà‡∏ï‡πâ‡∏≠‡∏á‡∏õ‡∏£‡∏±‡∏ö‡∏õ‡∏£‡∏∏‡∏á‡∏Å‡∏≤‡πÅ‡∏ü‡∏´‡∏£‡∏≠‡∏Å ‡∏°‡∏≤‡∏î‡∏π‡πÄ‡∏ô‡πá‡∏ï‡∏ö‡πâ‡∏≤‡∏ô‡∏Å‡∏π‡∏Å‡πà‡∏≠‡∏ô ‡πÄ‡∏£‡πá‡∏ß,"['‡∏õ‡∏£‡∏±‡∏ö‡∏õ‡∏£‡∏∏‡∏á', '‡∏Å‡∏≤‡πÅ‡∏ü', '‡∏´‡∏£‡∏≠‡∏Å', '‡∏î‡∏π', '‡πÄ‡∏ô‡πá‡∏ï', '‡∏ö‡πâ‡∏≤‡∏ô']",,11,-1
240,‡πÄ‡∏°‡∏∑‡πà‡∏≠‡πÑ‡∏´‡∏£‡πà‡∏à‡∏∞‡∏°‡∏µ‚Äã  dtaccoffee  aiscoffee,['‡πÑ‡∏´‡∏£‡πà'],,11,-1
241,‡∏°‡∏≠‡∏Ñ‡∏Ñ‡πà‡∏≤‡πÄ‡∏¢‡πá‡∏ô‡πÉ‡∏™‡∏°‡∏≤‡∏Å‡πÄ‡∏´‡∏°‡∏∑‡∏≠‡∏ô‡∏ô‡πâ‡∏≥‡∏•‡πâ‡∏≤‡∏á‡πÅ‡∏Å‡πâ‡∏ß ‡πÅ‡∏ñ‡∏°‡∏™‡∏¥‡∏ó‡πÄ‡∏ï‡πá‡∏°‡πÄ‡∏£‡πá‡∏ß‡∏°‡∏≤‡∏Å,"['‡πÄ‡∏´‡∏°‡∏∑‡∏≠‡∏ô', '‡∏ô‡πâ‡∏≥', '‡∏•‡πâ‡∏≤‡∏á', '‡πÅ‡∏Å‡πâ‡∏ß', '‡πÅ‡∏ñ‡∏°']",,2,-1
242,‡∏Ñ‡∏ô‡πÄ‡∏¢‡∏≠‡∏∞,['‡∏Ñ‡∏ô'],,11,-1
243,‡∏õ‡∏£‡∏±‡∏ö‡∏õ‡∏£‡∏∏‡∏á‡πÄ‡∏ô‡πá‡∏ï‡∏´‡∏ô‡πà‡∏≠‡∏¢‡∏Ñ‡∏∞‡∏ä‡πà‡∏ß‡∏á‡∏ô‡∏µ‡πâ‡∏´‡πà‡∏ß‡∏¢‡∏°‡∏≤‡∏Å ‡πÇ‡∏´‡∏•‡∏î‡πÑ‡∏£‡πÑ‡∏°‡πà‡∏Ñ‡πà‡∏≠‡∏¢‡∏Ç‡∏∂‡πâ‡∏ô‡πÄ‡∏•‡∏¢,"['‡∏õ‡∏£‡∏±‡∏ö‡∏õ‡∏£‡∏∏‡∏á', '‡πÄ‡∏ô‡πá‡∏ï', '‡∏´‡πà‡∏ß‡∏¢']",,8,-1
244,‡πÑ‡∏°‡πà‡πÑ‡∏î‡πâ‡∏Å‡∏¥‡∏ô‡πÄ‡∏á‡∏¥‡∏ô‡∏Å‡∏π‡∏´‡∏£‡∏≠‡∏Å‡∏Å‡∏π‡∏Å‡∏¥‡∏ô‡∏Å‡∏≤‡πÅ‡∏ü‡∏ñ‡∏∏‡∏á‡∏Å‡∏£‡∏∞‡∏î‡∏≤‡∏©,"['‡∏Å‡∏¥‡∏ô', '‡πÄ‡∏á‡∏¥‡∏ô', '‡∏´‡∏£‡∏≠‡∏Å', '‡∏Å‡∏≤‡πÅ‡∏ü', '‡∏ñ‡∏∏‡∏á']",,11,-1
245,‡πÑ‡∏°‡πà‡πÄ‡∏ô‡πâ‡∏ô‡∏ô‡πâ‡∏≥‡πÄ‡∏ô‡πâ‡∏ô‡πÄ‡∏ö‡πÄ‡∏Å‡∏≠‡∏£‡∏µ‡πà ‡πÄ‡∏ö‡πÄ‡∏Å‡∏≠‡∏£‡∏µ‡πà‡∏≠‡∏£‡πà‡∏≠‡∏¢,['‡∏≠‡∏£‡πà‡∏≠‡∏¢'],,3,-1
246,‡πÅ‡∏à‡∏Å‡πÇ‡∏õ‡∏£‡πÄ‡∏¢‡∏≠‡∏∞‡πÜ‡∏ô‡∏∞‡∏Ñ‡∏∞‡∏™‡∏≥‡∏´‡∏£‡∏±‡∏ö‡∏•‡∏π‡∏Å‡∏Ñ‡πâ‡∏≤‡∏ó‡∏£‡∏π‡πÄ‡∏£‡∏î‡∏Å‡∏≤‡∏£‡πå‡∏î,"['‡πÇ‡∏õ‡∏£', '‡∏™‡∏≥‡∏´‡∏£‡∏±‡∏ö', '‡∏•‡∏π‡∏Å‡∏Ñ‡πâ‡∏≤']",,11,-1
247,‡∏Ç‡∏≠‡∏Å‡∏≤‡πÅ‡∏ü‡∏™‡∏î‡πÄ‡∏ñ‡∏≠‡∏∞‡∏Ç‡∏≠‡∏£‡πâ‡∏≠‡∏á‡∏á,"['‡∏Å‡∏≤‡πÅ‡∏ü', '‡∏™‡∏î']",,0,-1
248,‡∏™‡∏¥‡∏ó‡∏ò‡∏¥‡πå true point‡πÄ‡∏ï‡πá‡∏°‡∏ï‡∏•‡∏≠‡∏î ‡πÄ‡∏Ñ‡πâ‡∏≤‡πÄ‡∏£‡∏¥‡πà‡∏°‡∏ô‡∏±‡∏ö1‡∏Å‡∏±‡∏ô‡∏ï‡∏≠‡∏ô‡πÑ‡∏´‡∏£‡∏´‡∏£‡∏≠‡∏Ñ‡∏∞,"['‡∏™‡∏¥‡∏ó‡∏ò‡∏¥‡πå', '‡πÄ‡∏ï‡πá‡∏°', '‡πÄ‡∏Ñ‡πâ‡∏≤', '‡∏ï‡∏≠‡∏ô', '‡∏´‡∏£‡∏≠']",,6,-1
249,‡∏Å‡∏•‡∏¥‡πà‡∏ô‡∏î‡∏µ ‡πÅ‡∏ï‡πà‡∏à‡∏∑‡∏î‡πÑ‡∏õ‡∏´‡∏ô‡πà‡∏≠‡∏¢,"['‡∏Å‡∏•‡∏¥‡πà‡∏ô', '‡∏î‡∏µ', '‡∏à‡∏∑‡∏î']",,4,-1
250,‡∏£‡∏≤‡∏Ñ‡∏≤‡∏™‡∏π‡∏á‡πÑ‡∏õ‡∏Ñ‡πà‡∏∞,['‡∏£‡∏≤‡∏Ñ‡∏≤'],,5,-1
251,‡∏°‡∏µ‡∏ö‡∏±‡∏ï‡∏£‡πÅ‡∏ö‡∏•‡πá‡∏Ñ‡∏Å‡∏≤‡∏£‡πå‡∏î‡∏Å‡πá‡πÄ‡∏´‡∏°‡∏∑‡∏≠‡∏ô‡πÑ‡∏°‡πà‡∏°‡∏µ,"['‡∏ö‡∏±‡∏ï‡∏£', '‡πÅ‡∏ö‡∏•‡πá‡∏Ñ‡∏Å‡∏≤‡∏£‡πå‡∏î', '‡πÄ‡∏´‡∏°‡∏∑‡∏≠‡∏ô']",,11,-1
252,‡πÑ‡∏°‡πà‡πÄ‡∏Ñ‡∏¢‡∏Å‡∏¥‡∏ô ‡πÉ‡∏´‡πâ‡∏õ‡∏£‡∏±‡∏ö‡∏õ‡∏£‡∏∏‡∏á‡∏™‡∏±‡∏ç‡∏ç‡∏≤‡∏ì‡∏°‡∏≤‡∏Å‡∏Å‡∏ß‡πà‡∏≤ ‡∏°‡∏±‡∏ô‡∏Ç‡∏≤‡∏î‡πÜ‡∏´‡∏≤‡∏¢‡πÜ,"['‡∏Å‡∏¥‡∏ô', '‡∏õ‡∏£‡∏±‡∏ö‡∏õ‡∏£‡∏∏‡∏á', '‡∏™‡∏±‡∏ç‡∏ç‡∏≤‡∏ì', '‡∏´‡∏≤‡∏¢']",,11,-1
253,‡πÅ‡∏û‡∏á‡πÅ‡∏•‡∏∞‡πÑ‡∏°‡πà‡∏≠‡∏£‡πà‡∏≠‡∏¢,"['‡πÅ‡∏û‡∏á', '‡∏≠‡∏£‡πà‡∏≠‡∏¢']",,10,-1
254,‡∏°‡∏∂‡∏á‡∏à‡∏∞‡πÅ‡∏û‡∏á‡πÑ‡∏õ‡πÑ‡∏´‡∏ô,['‡πÅ‡∏û‡∏á'],,9,-1
255,wifi ‡∏ö‡πâ‡∏≤‡∏ô ‡∏Å‡∏≤‡∏Å‡∏°‡∏≤‡∏Å ‡∏´‡∏°‡∏∏‡∏ô‡∏ï‡∏¥‡πâ‡∏ß‡πÜ‡πÜ,"['‡∏ö‡πâ‡∏≤‡∏ô', '‡∏Å‡∏≤‡∏Å', '‡∏´‡∏°‡∏∏‡∏ô']",,11,-1
256,‡πÄ‡∏ô‡πá‡∏ï‡∏ö‡πâ‡∏≤‡∏ô‡πÄ‡∏ï‡πà‡∏≤‡∏°‡∏≤‡∏Å ‡∏ù‡∏≤‡∏Å‡∏ö‡∏≠‡∏Å‡∏ó‡∏µ,"['‡πÄ‡∏ô‡πá‡∏ï', '‡∏ù‡∏≤‡∏Å']",,8,-1
257,‡∏£‡∏™‡∏ä‡∏≤‡∏î‡∏´‡πà‡∏ß‡∏¢‡∏™‡∏∏‡∏î‡πÉ‡∏ô‡∏™‡∏≤‡∏°‡πÇ‡∏•‡∏Å,['‡∏£‡∏™'],,11,-1
258,‡∏£‡∏™‡∏ä‡∏≤‡∏ï‡∏¥‡∏Å‡∏≤‡πÅ‡∏ü‡∏Ñ‡∏∞,"['‡∏£‡∏™‡∏ä‡∏≤‡∏ï‡∏¥', '‡∏Å‡∏≤', '‡πÅ‡∏ü']",,7,-1
259,‡πÅ‡∏û‡∏á ‡∏ô‡πâ‡∏≠‡∏¢ ‡πÑ‡∏°‡πà‡∏≠‡∏£‡πà‡∏≠‡∏¢ ‡∏Å‡∏≤‡πÅ‡∏ü‡πÑ‡∏°‡πà‡∏´‡∏≠‡∏°,"['‡πÅ‡∏û‡∏á', '‡∏≠‡∏£‡πà‡∏≠‡∏¢', '‡∏Å‡∏≤‡πÅ‡∏ü', '‡∏´‡∏≠‡∏°']",,10,-1
260,‡∏°‡∏¥‡∏á‡∏ä‡∏≠‡∏ö‡∏™‡πà‡∏á‡πÇ‡∏õ‡∏£ ‡∏°‡∏≤‡πÅ‡∏•‡πâ‡∏ß‡∏ö‡∏≠‡∏Å‡∏ß‡πà‡∏≤‡πÄ‡∏ï‡πá‡∏°,"['‡πÇ‡∏õ‡∏£', '‡πÄ‡∏ï‡πá‡∏°']",,6,-1
261,‡∏ô‡∏µ‡πà‡∏Å‡∏≤‡πÅ‡∏ü‡∏´‡∏£‡∏∑‡∏≠‡∏ô‡πâ‡∏≥‡πÄ‡∏õ‡∏•‡πà‡∏≤?..ü§î,"['‡∏Å‡∏≤‡πÅ‡∏ü', '‡∏ô‡πâ‡∏≥', '‡πÄ‡∏õ‡∏•‡πà‡∏≤']",,0,-1
262,‡∏Ñ‡∏ß‡∏≤‡∏°‡∏£‡∏π‡πâ‡∏™‡∏∂‡∏Å. ‡∏°‡∏±‡∏ô‡πÅ‡∏û‡∏á‡πÄ‡∏Å‡∏¥‡∏ô‡∏£‡∏™‡∏ä‡∏≤‡∏ï‡∏¥‡∏ó‡∏µ‡πà‡πÑ‡∏î‡πâ‡∏≠‡πà‡∏≤.,"['‡∏£‡∏π‡πâ‡∏™‡∏∂‡∏Å', '‡πÅ‡∏û‡∏á', '‡∏£‡∏™‡∏ä‡∏≤‡∏ï‡∏¥', '‡∏≠‡πà‡∏≤']",,7,-1
263,‡∏Ñ‡∏£‡∏±‡πâ‡∏á‡πÄ‡∏î‡∏µ‡∏¢‡∏ß‡∏Å‡πá‡πÄ‡∏Å‡∏¥‡∏ô‡∏à‡∏∞‡∏û‡∏≠,[],,11,-1
264,‡∏≠‡∏±‡∏ô‡∏ô‡∏µ‡πâ‡∏°‡∏≤‡πÅ‡∏ô‡∏ß‡πÄ‡∏î‡∏µ‡∏¢‡∏ß‡∏Å‡∏∞‡πÅ‡∏°‡∏Ñ‡∏Ñ‡∏≤‡πÄ‡∏ü‡πà,[],,11,-1
265,‡∏£‡∏™‡∏ä‡∏≤‡∏î‡πÑ‡∏°‡πà‡∏ô‡πà‡∏≤‡πÄ‡∏õ‡∏¥‡∏î‡∏£‡πâ‡∏≤‡∏ô‡πÑ‡∏î‡πâ555,"['‡∏£‡∏™‡∏ä‡∏≤‡∏î', '‡∏£‡πâ‡∏≤‡∏ô']",,6,-1
266,‡∏£‡∏≤‡∏Ñ‡∏≤‡πÅ‡∏û‡∏á‡πÑ‡∏õ‡∏Ñ‡πà‡∏∞,"['‡∏£‡∏≤‡∏Ñ‡∏≤', '‡πÅ‡∏û‡∏á']",,10,-1
267,‡πÅ‡∏û‡∏á‡∏ä‡∏¥‡∏ö‡∏´‡∏≤‡∏¢,['‡πÅ‡∏û‡∏á'],,9,-1
268,‡∏ß‡∏¥‡∏õ‡∏õ‡∏¥‡πâ‡∏á‡∏Ñ‡∏£‡∏µ‡∏°‡∏≠‡∏£‡πà‡∏≠‡∏¢‡∏°‡∏≤‡∏Å ‡∏ô‡∏µ‡πâ‡∏¢‡∏≠‡∏°‡∏Ç‡∏±‡∏ö‡∏à‡∏≤‡∏Å‡∏ö‡πâ‡∏≤‡∏ô30‡∏ô‡∏≤‡∏ó‡∏µ‡πÑ‡∏õ‡∏ã‡∏∑‡πâ‡∏≠‡∏Å‡∏¥‡∏ô,"['‡∏Ñ‡∏£‡∏µ‡∏°', '‡∏≠‡∏£‡πà‡∏≠‡∏¢', '‡∏ö‡πâ‡∏≤‡∏ô', '‡∏ã‡∏∑‡πâ‡∏≠', '‡∏Å‡∏¥‡∏ô']",,11,-1
269,‡πÑ‡∏°‡πà‡∏Ñ‡πà‡∏≠‡∏¢‡πÑ‡∏î‡πâ‡∏Å‡∏¥‡∏ô ‡πÅ‡∏ñ‡∏ß‡∏ô‡∏µ‡πâ‡∏°‡∏≤‡∏™‡∏≤‡∏Ç‡∏≤‡πÄ‡∏î‡∏µ‡∏¢‡∏ß‡πÅ‡∏•‡∏∞‡πÑ‡∏Å‡∏• ‡πÑ‡∏õ‡∏ó‡∏µ‡πÑ‡∏£‡∏Ñ‡∏ô‡πÄ‡∏¢‡∏≠‡∏∞ü§£,"['‡∏Å‡∏¥‡∏ô', '‡πÅ‡∏ñ‡∏ß', '‡∏™‡∏≤‡∏Ç‡∏≤', '‡∏Ñ‡∏ô']",,11,-1
270,‡πÄ‡∏ô‡πá‡∏ï‡∏ä‡πâ‡∏≤‡∏°‡∏≤‡∏Å ‡∏õ‡∏£‡∏±‡∏ö‡∏õ‡∏£‡∏∏‡∏á‡∏î‡πà‡∏ß‡∏ô,"['‡πÄ‡∏ô‡πá‡∏ï', '‡∏õ‡∏£‡∏±‡∏ö‡∏õ‡∏£‡∏∏‡∏á']",,8,-1
271,‡∏Å‡∏≤‡πÅ‡∏ü‡∏ó‡∏µ‡πà‡∏™‡∏≤‡∏Ç‡∏≤‡∏™‡∏¢‡∏≤‡∏°‡∏î‡∏¥‡∏™ ‡∏ú‡πà‡∏≤‡∏ô,['‡∏Å‡∏≤‡πÅ‡∏ü'],,0,-1
272,‡∏Ñ‡∏ß‡∏≤‡∏°‡∏≠‡∏£‡πà‡∏≠‡∏¢‡∏¢‡∏±‡∏á‡πÑ‡∏°‡πà‡∏™‡∏°‡∏Å‡∏±‡∏ö‡∏£‡∏≤‡∏Ñ‡∏≤ üòá,"['‡∏≠‡∏£‡πà‡∏≠‡∏¢', '‡∏™‡∏°', '‡∏£‡∏≤‡∏Ñ‡∏≤']",,11,-1
273,‡πÄ‡∏´‡∏ô‡∏∑‡πà‡∏≠‡∏¢‡∏Å‡∏≤‡πÅ‡∏ü ‡∏£‡∏™‡∏ä‡∏≤‡∏ï‡∏¥ ‡πÄ‡∏´‡∏°‡∏∑‡∏≠‡∏ô‡∏Ç‡∏≠‡∏á‡πÄ‡∏´‡∏•‡∏∑‡∏≠,"['‡∏Å‡∏≤‡πÅ‡∏ü', '‡∏£‡∏™‡∏ä‡∏≤‡∏ï‡∏¥', '‡πÄ‡∏´‡∏°‡∏∑‡∏≠‡∏ô']",,0,-1
274,‡πÑ‡∏°‡πà‡πÑ‡∏î‡πâ‡πÄ‡∏£‡∏∑‡πà‡∏≠‡∏á,['‡πÄ‡∏£‡∏∑‡πà‡∏≠‡∏á'],,11,-1
275,‡∏à‡∏∑‡∏î‡∏°‡∏≤‡∏Å ‡∏Ç‡∏≠‡πÄ‡∏Ç‡πâ‡∏°‡πÜ ‡∏£‡∏≤‡∏Ñ‡∏≤‡∏•‡∏î‡∏•‡∏á‡∏´‡∏ô‡πà‡∏≠‡∏¢‡∏Ñ‡∏∞,"['‡∏à‡∏∑‡∏î', '‡∏£‡∏≤‡∏Ñ‡∏≤', '‡∏•‡∏î']",,5,-1
276,‡πÑ‡∏°‡πà‡πÄ‡∏Ñ‡∏¢‡∏Å‡∏¥‡∏ô,['‡∏Å‡∏¥‡∏ô'],,1,-1
277,‡∏ä‡∏≤‡∏°‡∏∞‡∏ô‡∏≤‡∏ß ‡∏ä‡∏≤‡πÄ‡∏ù‡∏∑‡πà‡∏≠‡∏ô‡∏°‡∏≤‡∏Å‡πÄ‡∏•‡∏¢‡∏á‡∏∞,['‡∏ä‡∏≤'],,2,-1
278,‡∏à‡∏∑‡∏î‡∏≠‡πà‡∏≤ ‡∏ó‡∏£‡∏π‡πÄ‡∏ô‡∏ï‡∏Å‡∏≤‡∏Å‡∏õ‡∏£‡∏∞‡∏´‡∏¢‡∏±‡∏î‡∏Å‡∏≤‡πÅ‡∏ü ‡∏Ñ‡∏≠‡∏ô‡πÄ‡∏ã‡∏õ,"['‡∏à‡∏∑‡∏î', '‡∏≠‡πà‡∏≤', '‡∏Å‡∏≤‡∏Å', '‡∏Å‡∏≤‡πÅ‡∏ü']",,0,-1
279,‡πÅ‡∏û‡∏á‡∏°‡∏≤‡∏Å ‡∏£‡∏™‡∏ä‡∏≤‡∏î‡∏Å‡πá‡∏á‡∏±‡πâ‡∏ô‡πÜ,"['‡πÅ‡∏û‡∏á', '‡∏£‡∏™‡∏ä‡∏≤‡∏î', '‡∏á‡∏±‡πâ‡∏ô']",,10,-1
280,‡∏ô‡πâ‡∏≥‡πÄ‡∏õ‡∏•‡πà‡∏≤‡πÅ‡∏û‡∏á‡πÄ‡∏Å‡∏¥‡πä‡∏ô ‡πÅ‡∏á‡πä‡∏ô‡∏ô‡∏ô,['‡πÅ‡∏û‡∏á'],,9,-1
281,‡∏Å‡∏¥‡∏ô‡πÑ‡∏î‡πâ‡πÅ‡∏Ñ‡πà‡∏ß‡∏±‡∏ô‡∏ó‡∏µ‡πà1,['‡∏Å‡∏¥‡∏ô'],,1,-1
282,‡∏£‡πâ‡∏≤‡∏ô‡∏ô‡∏µ‡πâ‡πÄ‡∏´‡πâ‡∏™‡∏∏‡∏î,['‡∏£‡πâ‡∏≤‡∏ô'],,6,-1
283,‡πÄ‡∏≠‡∏≤‡∏ä‡∏±‡∏î‡πÜ‡∏ô‡∏∞‡∏Ñ‡∏£‡∏±‡∏ö ‡∏Å‡∏¥‡∏ô‡πÅ‡∏•‡πâ‡∏ß‡πÑ‡∏°‡πà‡∏Å‡∏¥‡∏ô‡∏ã‡πâ‡∏≥ ‡∏£‡∏≤‡∏Ñ‡∏≤‡πÑ‡∏°‡πà‡πÄ‡∏Å‡∏µ‡πà‡∏¢‡∏ß‡∏£‡∏™‡∏ä‡∏≤‡∏ï‡∏¥‡∏•‡πâ‡∏ß‡∏ô‡πÜ,"['‡∏ä‡∏±‡∏î', '‡∏Å‡∏¥‡∏ô', '‡∏Å‡∏¥‡∏ô', '‡∏£‡∏≤‡∏Ñ‡∏≤']",,1,-1
284,‡∏£‡∏™‡∏ä‡∏≤‡∏ï‡∏¥‡πÇ‡∏≠‡πÄ‡∏Ñ‡πÅ‡∏ï‡πà‡∏ö‡∏≤‡∏á‡∏ó‡∏µ‡∏£‡∏≤‡∏Ñ‡∏≤‡∏°‡∏±‡∏ô‡∏Å‡πá‡πÅ‡∏£‡∏á‡πÑ‡∏õ‡∏ö‡πâ‡∏≤‡∏á,"['‡∏£‡∏™‡∏ä‡∏≤‡∏ï‡∏¥', '‡πÇ‡∏≠‡πÄ‡∏Ñ', '‡∏£‡∏≤‡∏Ñ‡∏≤', '‡πÅ‡∏£‡∏á']",,7,-1
285,‡∏Å‡∏≤‡πÅ‡∏ü‡πÑ‡∏°‡πà‡πÑ‡∏î‡πâ‡πÄ‡∏£‡∏∑‡πà‡∏≠‡∏á‡πÄ‡∏•‡∏¢,"['‡∏Å‡∏≤‡πÅ‡∏ü', '‡πÄ‡∏£‡∏∑‡πà‡∏≠‡∏á']",,0,-1
286,‡πÄ‡∏ô‡πá‡∏ï‡∏ä‡πâ‡∏≤‡∏°‡∏≤‡∏Å‡∏û‡∏π‡∏î‡πÄ‡∏•‡∏¢ ‡∏ä‡πâ‡∏≤‡∏°‡∏≤‡∏Å‡∏Å‡∏Å‡∏Å‡∏Å‡∏Å‡∏Å‡∏Å,['‡πÄ‡∏ô‡πá‡∏ï'],,8,-1
287,‡∏ó‡∏≥‡πÑ‡∏°‡∏£‡∏π‡πâ‡∏™‡∏∂‡∏Å‡∏ß‡πà‡∏≤‡∏ä‡∏≤‡πÄ‡∏¢‡πá‡∏ô‡∏ó‡∏µ‡πà‡∏ô‡∏µ‡πà‡∏à‡∏∞‡∏≠‡∏≠‡∏Å‡πÄ‡∏Ñ‡πá‡∏°‡πÜ‡∏´‡∏ô‡πà‡∏≠‡∏¢,"['‡∏£‡∏π‡πâ‡∏™‡∏∂‡∏Å', '‡∏ä‡∏≤‡πÄ‡∏¢‡πá‡∏ô', '‡πÄ‡∏Ñ‡πá‡∏°']",,11,-1
288,‡∏ô‡∏µ‡πà‡∏Å‡∏≤‡πÅ‡∏ü‡∏´‡∏£‡∏∑‡∏≠‡∏ô‡πâ‡∏≥‡∏•‡πâ‡∏≤‡∏á‡∏ï‡∏µ‡∏ô..,"['‡∏Å‡∏≤‡πÅ‡∏ü', '‡∏ô‡πâ‡∏≥', '‡∏•‡πâ‡∏≤‡∏á']",,0,-1
289,‡∏™‡∏±‡πà‡∏á‡∏Å‡∏≤‡πÅ‡∏ü‡πÅ‡∏ï‡πà‡πÑ‡∏î‡πâ‡∏ô‡πâ‡∏≥‡πÅ‡∏Ç‡πá‡∏á‡πÑ‡∏™,"['‡∏™‡∏±‡πà‡∏á', '‡∏Å‡∏≤‡πÅ‡∏ü', '‡∏ô‡πâ‡∏≥', '‡πÅ‡∏Ç‡πá‡∏á']",,2,-1
290,‡πÅ‡∏û‡∏á ‡∏Å‡∏≤‡πÅ‡∏ü‡∏à‡∏∑‡∏î,"['‡πÅ‡∏û‡∏á', '‡∏Å‡∏≤‡πÅ‡∏ü', '‡∏à‡∏∑‡∏î']",,0,-1
291,‡πÇ‡∏•‡πÇ‡∏Å‡πâ,[],,11,-1
292,‡∏ö‡∏£‡∏¥‡∏Å‡∏≤‡∏£‡∏î‡∏µ‡πÄ‡∏õ‡πá‡∏ô‡∏´‡∏¢‡πà‡∏≠‡∏°‡πÜ 5555,"['‡∏ö‡∏£‡∏¥‡∏Å‡∏≤‡∏£', '‡∏î‡∏µ']",,4,-1
293,‡∏£‡∏≤‡∏Ñ‡∏≤‡πÄ‡∏Å‡∏¥‡∏ô‡∏£‡∏™‡∏ä‡∏≤‡∏ï,"['‡∏£‡∏≤‡∏Ñ‡∏≤', '‡∏£‡∏™‡∏ä‡∏≤‡∏ï']",,5,-1
294,‡∏£‡∏≤‡∏Ñ‡∏≤‡∏Ñ‡πà‡∏∞ ‡πÅ‡∏û‡∏á‡∏°‡πâ‡∏≤‡∏Å‡∏Å‡∏Å,"['‡∏£‡∏≤‡∏Ñ‡∏≤', '‡πÅ‡∏û‡∏á']",,10,-1
295,‡∏Å‡∏≤‡πÅ‡∏ü‡∏Å‡πá‡∏à‡∏∑‡∏î,"['‡∏Å‡∏≤‡πÅ‡∏ü', '‡∏à‡∏∑‡∏î']",,0,-1
296,‡∏£‡∏≤‡∏Ñ‡∏≤‡∏Ñ‡πà‡∏∞ ‡∏´‡∏£‡∏∑‡∏≠‡∏°‡∏µ‡πÇ‡∏õ‡∏£‡πÇ‡∏°‡∏ä‡∏±‡πà‡∏ô,"['‡∏£‡∏≤‡∏Ñ‡∏≤', '‡πÇ‡∏õ‡∏£‡πÇ‡∏°‡∏ä‡∏±‡πà‡∏ô']",,5,-1
297,‡∏Å‡∏≤‡πÅ‡∏ü‡πÅ‡∏£‡∏á‡∏°‡∏≤‡∏Å,"['‡∏Å‡∏≤‡πÅ‡∏ü', '‡πÅ‡∏£‡∏á']",,0,-1
298,‡πÑ‡∏°‡πà‡∏Ñ‡πà‡∏≠‡∏¢ ‡∏£‡∏≤‡∏Ñ‡∏≤‡πÅ‡∏û‡∏á,"['‡∏£‡∏≤‡∏Ñ‡∏≤', '‡πÅ‡∏û‡∏á']",,10,-1
299,‡∏£‡∏≤‡∏Ñ‡∏≤‡πÅ‡∏û‡∏á‡πÄ‡∏Å‡∏¥‡∏ô‡πÑ‡∏°‡πà‡∏™‡∏°‡∏Å‡∏±‡∏ö‡∏£‡∏™‡∏ä‡∏≤‡∏ï‡∏ó‡∏µ‡πà‡πÑ‡∏î‡πâ‡πÄ‡∏õ‡πá‡∏ô‡∏Å‡∏≤‡πÅ‡∏ü‡πÇ‡∏ö‡∏£‡∏≤‡∏ì,"['‡∏£‡∏≤‡∏Ñ‡∏≤', '‡πÅ‡∏û‡∏á', '‡∏™‡∏°', '‡∏£‡∏™‡∏ä‡∏≤‡∏ï', '‡∏Å‡∏≤‡πÅ‡∏ü', '‡πÇ‡∏ö‡∏£‡∏≤‡∏ì']",,11,-1
300,‡∏Å‡∏≤‡πÅ‡∏ü ‡∏ä‡∏á‡πÑ‡∏°‡πà‡∏≠‡∏£‡πà‡∏≠‡∏¢ ‡πÅ‡∏û‡∏á‡πÑ‡∏°‡πà‡∏Ñ‡∏∏‡πâ‡∏° ‡πÑ‡∏î‡πâ‡∏ô‡πâ‡∏≠‡∏¢,"['‡∏Å‡∏≤‡πÅ‡∏ü', '‡∏ä‡∏á', '‡∏≠‡∏£‡πà‡∏≠‡∏¢', '‡πÅ‡∏û‡∏á', '‡∏Ñ‡∏∏‡πâ‡∏°']",,10,-1
301,‡∏ô‡πà‡∏≤‡∏à‡∏∞‡∏°‡∏µ‡∏™‡∏≤‡∏Ç‡∏≤‡πÄ‡∏õ‡∏¥‡∏î24‡∏ä‡∏°.,"['‡∏™‡∏≤‡∏Ç‡∏≤', '‡∏ä‡∏°']",,11,-1
302,‡∏õ‡∏£‡∏±‡∏ö‡∏õ‡∏£‡∏∏‡∏á‡πÄ‡∏ô‡πá‡∏ï‡∏Å‡πà‡∏≠‡∏ô‡∏à‡∏∞‡∏î‡∏µ‡∏°‡∏≤‡∏Å‡∏Å‡∏Å‡∏Å‡∏Å,"['‡∏õ‡∏£‡∏±‡∏ö‡∏õ‡∏£‡∏∏‡∏á', '‡πÄ‡∏ô‡πá‡∏ï', '‡∏î‡∏µ']",,8,-1
303,‡∏Å‡∏£‡∏∞‡∏à‡∏≠‡∏Å‡∏°‡∏≤‡∏Å,[],,11,-1
304,‡πÄ‡∏û‡∏¥‡πà‡∏°‡∏™‡∏≤‡∏Ç‡∏≤,['‡∏™‡∏≤‡∏Ç‡∏≤'],,12,-1
305,‡∏Ñ‡∏ß‡∏£‡πÉ‡∏´‡πâ‡∏û‡∏ô‡∏±‡∏Å‡∏á‡∏≤‡∏ô‡∏ó‡∏∏‡∏Å‡∏Ñ‡∏ô‡πÑ‡∏õ‡πÄ‡∏£‡∏µ‡∏¢‡∏ô‡∏ä‡∏á‡∏Å‡∏≤‡πÅ‡∏ü‡∏Å‡πà‡∏≠‡∏ô‡∏Ñ‡πà‡∏∞,"['‡∏û‡∏ô‡∏±‡∏Å‡∏á‡∏≤‡∏ô', '‡∏Ñ‡∏ô', '‡πÄ‡∏£‡∏µ‡∏¢‡∏ô', '‡∏ä‡∏á', '‡∏Å‡∏≤‡πÅ‡∏ü']",,11,-1
306,‡πÑ‡∏õ‡∏ã‡∏∑‡πâ‡∏≠‡πÄ‡∏´‡∏°‡∏∑‡∏≠‡∏ô‡πÑ‡∏õ‡∏Ç‡∏≠‡πÅ‡∏î‡∏Å‡∏ü‡∏£‡∏µ ‡πÇ‡∏õ‡∏£‡∏°‡∏µ‡πÑ‡∏ß‡πâ‡∏ó‡∏≥‡πÑ‡∏° ‡πÑ‡∏°‡πà‡πÄ‡∏Ñ‡∏¢‡πÑ‡∏î‡πâ‡πÉ‡∏ä‡πâ‡πÄ‡∏•‡∏¢,"['‡∏ã‡∏∑‡πâ‡∏≠', '‡πÄ‡∏´‡∏°‡∏∑‡∏≠‡∏ô', '‡πÇ‡∏õ‡∏£']",,11,-1
307,‡∏Ñ‡∏ô‡∏Ç‡∏≤‡∏¢‡πÑ‡∏°‡πà‡∏™‡∏ß‡∏¢,"['‡∏Ñ‡∏ô', '‡∏Ç‡∏≤‡∏¢', '‡∏™‡∏ß‡∏¢']",,11,-1
308,‡∏Å‡∏≤‡πÅ‡∏ü‡∏≠‡∏£‡πà‡∏≠‡∏¢‡∏Ñ‡πà‡∏∞‡πÅ‡∏ï‡πà‡∏Å‡πá‡πÅ‡∏≠‡∏ö‡πÅ‡∏û‡∏á‡∏ô‡∏¥‡∏™‡∏´‡∏ô‡∏∏‡∏á,"['‡∏Å‡∏≤‡πÅ‡∏ü', '‡∏≠‡∏£‡πà‡∏≠‡∏¢', '‡πÅ‡∏û‡∏á']",,10,-1
309,‡πÄ‡∏â‡∏¢‡πÜ ‡∏´‡∏≤‡∏Å‡∏¥‡∏ô‡∏¢‡∏≤‡∏Å,"['‡∏´‡∏≤', '‡∏Å‡∏¥‡∏ô']",,1,-1
310,‡πÑ‡∏°‡πà‡∏≠‡∏£‡πà‡∏≠‡∏¢‡∏ö‡∏≠‡∏Å‡∏ï‡∏£‡∏á‡πÜ‡πÄ‡∏™‡∏µ‡∏¢‡∏î‡∏≤‡∏¢‡πÄ‡∏á‡∏¥‡∏ô,"['‡∏≠‡∏£‡πà‡∏≠‡∏¢', '‡πÄ‡∏™‡∏µ‡∏¢‡∏î‡∏≤‡∏¢', '‡πÄ‡∏á‡∏¥‡∏ô']",,2,-1
311,‡∏•‡∏î‡∏£‡∏≤‡∏Ñ‡∏≤,"['‡∏•‡∏î', '‡∏£‡∏≤‡∏Ñ‡∏≤']",,5,-1
312,‡∏£‡∏≤‡∏Ñ‡∏≤‡πÅ‡∏•‡∏∞‡∏£‡∏™‡∏ä‡∏≤‡∏î‡∏™‡∏ß‡∏ô‡∏ó‡∏≤‡∏á‡∏Å‡∏±‡∏ô,"['‡∏£‡∏≤‡∏Ñ‡∏≤', '‡∏£‡∏™‡∏ä‡∏≤‡∏î']",,5,-1
313,‡∏õ‡∏£‡∏±‡∏ö‡∏õ‡∏£‡∏∏‡∏á‡πÄ‡∏ü‡∏≠‡∏£‡πå‡∏ô‡∏¥‡πÄ‡∏à‡∏≠‡∏£‡πå‡∏Ñ‡∏£‡∏±‡∏ö ‡πÑ‡∏°‡πà‡∏Ñ‡πà‡∏≠‡∏¢‡∏†‡∏π‡∏°‡∏¥‡πÉ‡∏à‡πÄ‡∏ß‡∏•‡∏≤‡∏ô‡∏±‡πà‡∏á‡πÉ‡∏ô‡∏£‡πâ‡∏≤‡∏ô,"['‡∏õ‡∏£‡∏±‡∏ö‡∏õ‡∏£‡∏∏‡∏á', '‡πÄ‡∏ß‡∏•‡∏≤', '‡∏ô‡∏±‡πà‡∏á', '‡∏£‡πâ‡∏≤‡∏ô']",,6,-1
314,‡∏à‡∏∑‡∏î‡∏°‡∏≤‡∏Å,['‡∏à‡∏∑‡∏î'],,7,-1
315,‡∏£‡∏≤‡∏Ñ‡∏≤‡πÅ‡∏û‡∏á,"['‡∏£‡∏≤‡∏Ñ‡∏≤', '‡πÅ‡∏û‡∏á']",,10,-1
316,‡∏™‡∏≤‡∏Ç‡∏≤‡∏ô‡πâ‡∏≠‡∏¢,[],,11,-1
317,‡∏Å‡∏¥‡∏ô‡πÑ‡∏î‡πâ ‡∏ñ‡πâ‡∏≤‡∏°‡∏µ‡∏ö‡∏±‡∏ï‡∏£‡πÅ‡∏ö‡∏•‡πá‡∏Ñ‡∏Å‡∏≤‡∏£‡πå‡∏î,"['‡∏Å‡∏¥‡∏ô', '‡∏ö‡∏±‡∏ï‡∏£', '‡πÅ‡∏ö‡∏•‡πá‡∏Ñ‡∏Å‡∏≤‡∏£‡πå‡∏î']",,11,-1
318,‡πÄ‡∏õ‡∏•‡∏µ‡πà‡∏¢‡∏ô‡∏ä‡∏∑‡πà‡∏≠‡πÄ‡∏°‡∏ô‡∏π ‡∏à‡∏≤‡∏Å‡∏ä‡∏≤‡∏ô‡∏°‡πÄ‡∏¢‡πá‡∏ô ‡πÄ‡∏õ‡πá‡∏ô ‡∏ä‡∏≤‡πÑ‡∏ó‡∏¢,"['‡∏ä‡∏∑‡πà‡∏≠', '‡πÄ‡∏°‡∏ô‡∏π', '‡∏ä‡∏≤‡πÑ‡∏ó‡∏¢']",,11,-1
319,‡πÑ‡∏°‡πà‡∏≠‡∏£‡πà‡∏≠‡∏¢‡∏Ñ‡πà‡∏∞,['‡∏≠‡∏£‡πà‡∏≠‡∏¢'],,3,-1
320,‡πÑ‡∏°‡πà‡∏≠‡∏£‡πà‡∏≠‡∏¢‡πÄ‡∏•‡∏¢,['‡∏≠‡∏£‡πà‡∏≠‡∏¢'],,3,-1
321,‡πÑ‡∏°‡πà‡∏≠‡∏£‡πà‡∏≠‡∏¢,['‡∏≠‡∏£‡πà‡∏≠‡∏¢'],,3,-1
322,‡πÑ‡∏°‡πà‡∏≠‡∏£‡πà‡∏≠‡∏¢ ‡πÑ‡∏õ‡∏ô‡∏±‡πà‡∏á‡πÄ‡∏•‡πà‡∏ô‡∏°‡∏≤‡∏Å‡∏Å‡∏ß‡πà‡∏≤ ‡∏£‡∏≤‡∏Ñ‡∏≤‡πÅ‡∏û‡∏á‡πÑ‡∏õ‡∏ñ‡πâ‡∏≤‡πÄ‡∏ó‡∏µ‡∏¢‡∏ö‡∏Å‡∏±‡∏ö‡∏Ñ‡∏∏‡∏ì‡∏†‡∏≤‡∏û,"['‡∏≠‡∏£‡πà‡∏≠‡∏¢', '‡∏ô‡∏±‡πà‡∏á', '‡πÄ‡∏•‡πà‡∏ô', '‡∏£‡∏≤‡∏Ñ‡∏≤', '‡πÅ‡∏û‡∏á', '‡πÄ‡∏ó‡∏µ‡∏¢‡∏ö', '‡∏Ñ‡∏∏‡∏ì‡∏†‡∏≤‡∏û']",,11,-1
323,‡∏ñ‡πâ‡∏≤‡πÑ‡∏°‡πà‡∏°‡∏µ True point. ‡∏ä‡πà‡∏ß‡∏¢‡πÑ‡∏°‡πà‡πÑ‡∏î‡πâ‡∏Å‡∏¥‡∏ô‡∏´‡∏£‡∏≠‡∏Å ‡πÅ‡∏û‡∏á‡πÜ‡πÜ‡πÜ,"['‡∏Å‡∏¥‡∏ô', '‡∏´‡∏£‡∏≠‡∏Å', '‡πÅ‡∏û‡∏á']",,10,-1
324,‡∏£‡∏™‡∏ä‡∏≤‡∏ï‡∏¥‡∏Å‡∏≤‡πÅ‡∏ü‡∏°‡∏±‡∏ô‡∏õ‡∏∞‡πÅ‡∏•‡πà‡∏°‡πÜ‡∏≠‡πà‡∏∞,"['‡∏£‡∏™‡∏ä‡∏≤‡∏ï‡∏¥', '‡∏Å‡∏≤', '‡πÅ‡∏ü', '‡∏≠‡πà‡∏∞']",,7,-1
325,‡∏£‡∏™‡∏ä‡∏≤‡∏ï‡∏¥‡πÄ‡∏´‡∏°‡∏∑‡∏≠‡∏ô‡∏Å‡∏¥‡∏ô‡∏ô‡πâ‡∏≥‡πÄ‡∏õ‡∏•‡πà‡∏≤‡πÅ‡∏ï‡πà‡∏°‡∏µ‡∏Å‡∏•‡∏¥‡πà‡∏ô‡∏ä‡∏≤‡πÄ‡∏Ç‡∏µ‡∏¢‡∏ß‡∏´‡∏£‡∏∑‡∏≠‡∏Å‡∏≤‡πÅ‡∏ü‡∏≠‡∏∞ ‡∏ñ‡∏ñ‡∏ñ‡∏ñ,"['‡∏£‡∏™‡∏ä‡∏≤‡∏ï‡∏¥', '‡πÄ‡∏´‡∏°‡∏∑‡∏≠‡∏ô', '‡∏Å‡∏¥‡∏ô', '‡∏ô‡πâ‡∏≥', '‡πÄ‡∏õ‡∏•‡πà‡∏≤', '‡∏Å‡∏•‡∏¥‡πà‡∏ô', '‡∏ä‡∏≤', '‡πÄ‡∏Ç‡∏µ‡∏¢‡∏ß', '‡∏Å‡∏≤‡πÅ‡∏ü', '‡∏≠‡∏∞']",,2,-1
326,‡∏Å‡∏≤‡πÅ‡∏ü‡πÄ‡∏´‡∏°‡∏∑‡∏≠‡∏ô‡∏Å‡∏¥‡∏ô‡∏ô‡πâ‡∏≥‡πÄ‡∏õ‡∏•‡πà‡∏≤‡∏Å‡∏•‡∏¥‡πà‡∏ô‡∏Å‡∏≤‡πÅ‡∏ü‡∏Ñ‡πà‡∏∞,"['‡∏Å‡∏≤‡πÅ‡∏ü', '‡πÄ‡∏´‡∏°‡∏∑‡∏≠‡∏ô', '‡∏Å‡∏¥‡∏ô', '‡∏ô‡πâ‡∏≥', '‡πÄ‡∏õ‡∏•‡πà‡∏≤', '‡∏Å‡∏•‡∏¥‡πà‡∏ô', '‡∏Å‡∏≤‡πÅ‡∏ü']",,0,-1
327,‡∏≠‡∏£‡πà‡∏≠‡∏¢‡∏ï‡∏•‡∏≠‡∏î‡πÑ‡∏°‡πà‡πÄ‡∏Ñ‡∏¢‡∏ú‡∏¥‡∏î‡∏´‡∏ß‡∏±‡∏á,"['‡∏≠‡∏£‡πà‡∏≠‡∏¢', '‡∏´‡∏ß‡∏±‡∏á']",,3,-1
328,‡∏Ñ‡∏ô‡πÄ‡∏¢‡∏≠‡∏∞‡∏à‡∏±‡∏á,['‡∏Ñ‡∏ô'],,11,-1
329,‡∏£‡∏≤‡∏Ñ‡∏°‡∏Å‡∏±‡∏ö‡∏£‡∏™‡∏ä‡∏≤‡∏ï‡∏¥‡πÄ‡∏´‡∏°‡∏≤‡∏∞‡∏™‡∏°‡∏≠‡∏¢‡∏π‡πà,['‡∏£‡∏™‡∏ä‡∏≤‡∏ï‡∏¥'],,7,-1
330,‡∏ä‡∏á‡πÑ‡∏°‡πà‡∏Ñ‡πà‡∏≠‡∏¢‡∏≠‡∏£‡πà‡∏≠‡∏¢ ‡πÑ‡∏°‡πà‡πÄ‡∏Ç‡πâ‡∏°‡∏Ç‡πâ‡∏ô‡πÑ‡∏°‡πà‡∏Ñ‡∏∏‡πâ‡∏°‡∏£‡∏≤‡∏Ñ‡∏≤,"['‡∏ä‡∏á', '‡∏≠‡∏£‡πà‡∏≠‡∏¢', '‡πÄ‡∏Ç‡πâ‡∏°‡∏Ç‡πâ‡∏ô', '‡∏Ñ‡∏∏‡πâ‡∏°', '‡∏£‡∏≤‡∏Ñ‡∏≤']",,11,-1
331,+1,[],,11,-1
332,‡∏£‡∏™‡∏ä‡∏≤‡∏ï‡∏¥,['‡∏£‡∏™‡∏ä‡∏≤‡∏ï‡∏¥'],,7,-1
333,‡πÅ‡∏û‡∏á‡πÑ‡∏õ ‡πÑ‡∏°‡πà‡∏™‡∏°‡∏Å‡∏±‡∏ö‡∏£‡∏™‡∏ä‡∏≤‡∏ï‡∏¥,"['‡πÅ‡∏û‡∏á', '‡∏™‡∏°', '‡∏£‡∏™‡∏ä‡∏≤‡∏ï‡∏¥']",,10,-1
334,‡πÅ‡∏û‡∏á,['‡πÅ‡∏û‡∏á'],,9,-1
335,‡∏£‡∏≤‡∏Ñ‡∏≤,['‡∏£‡∏≤‡∏Ñ‡∏≤'],,5,-1
336,‡πÅ‡∏û‡∏á,['‡πÅ‡∏û‡∏á'],,9,-1
337,‡∏ä‡∏≠‡∏ö,['‡∏ä‡∏≠‡∏ö'],,2,-1
338,‡∏£‡∏≤‡∏Ñ‡∏≤,['‡∏£‡∏≤‡∏Ñ‡∏≤'],,5,-1
339,‡∏Å‡∏≤‡πÅ‡∏ü‡∏°‡∏∂‡∏á‡∏Å‡∏≤‡∏Å‡∏°‡∏≤‡∏Å‡∏Å‡∏Å‡∏Å‡∏Å‡∏Å‡∏Å‡∏Å‡∏Å‡∏Å‡∏Å‡∏Å‡∏Å‡∏Å‡∏Å‡∏Å‡∏Å‡∏Å,"['‡∏Å‡∏≤‡πÅ‡∏ü', '‡∏Å‡∏≤‡∏Å']",,0,-1
340,‡πÅ‡∏û‡∏á,['‡πÅ‡∏û‡∏á'],,9,-1
341,‡∏£‡∏≤‡∏Ñ‡∏≤,['‡∏£‡∏≤‡∏Ñ‡∏≤'],,5,-1
342,‡πÑ‡∏°‡πà‡∏≠‡∏£‡πà‡∏≠‡∏¢,['‡∏≠‡∏£‡πà‡∏≠‡∏¢'],,3,-1
343,‡∏£‡∏™‡∏ä‡∏≤‡∏ï‡∏¥‡∏´‡πà‡∏ß‡∏¢‡∏ó‡∏∏‡∏Å‡∏ô‡πâ‡∏≥‡πÄ‡∏•‡∏¢ ‡πÉ‡∏ä‡πâ‡πÅ‡∏ï‡πâ‡∏°‡∏ó‡∏£‡∏π‡πÅ‡∏•‡∏Å‡πÄ‡∏û‡∏¥‡πà‡∏°‡∏ï‡∏±‡∏á‡∏¢‡∏±‡∏á‡∏ú‡∏¥‡∏î‡∏´‡∏ß‡∏±‡∏á,"['‡∏£‡∏™‡∏ä‡∏≤‡∏ï‡∏¥', '‡∏´‡πà‡∏ß‡∏¢', '‡∏ô‡πâ‡∏≥', '‡πÅ‡∏ï‡πâ‡∏°', '‡∏´‡∏ß‡∏±‡∏á']",,2,-1
344,‡∏£‡∏™‡∏ä‡∏≤‡∏ï‡∏¥ ‡πÉ‡∏ä‡πâ‡πÑ‡∏î‡πâ‡∏´‡∏•‡∏≤‡∏¢‡πÄ‡∏°‡∏ô‡∏π‡∏≠‡∏£‡πà‡∏≠‡∏¢‡πÄ‡∏•‡∏¢‡πÄ‡∏´‡∏•‡∏∞ü§óü§óü§ó,"['‡∏£‡∏™‡∏ä‡∏≤‡∏ï‡∏¥', '‡πÄ‡∏°‡∏ô‡∏π', '‡∏≠‡∏£‡πà‡∏≠‡∏¢']",,7,-1
345,‡∏´‡∏°‡∏≤‡πÑ‡∏°‡πà‡∏î‡∏∑‡∏°‡∏ß‡πà‡∏∞ !,['‡∏î‡∏∑‡∏°'],,11,-1
346,‡∏£‡πâ‡∏≤‡∏ô‡∏ô‡∏µ‡πâ‡∏ã‡∏∑‡πâ‡∏≠‡∏ô‡πâ‡∏≥‡πÅ‡∏Ç‡πá‡∏á‡πÅ‡∏ñ‡∏°‡∏Å‡∏≤‡πÅ‡∏ü,"['‡∏£‡πâ‡∏≤‡∏ô', '‡∏ã‡∏∑‡πâ‡∏≠', '‡∏ô‡πâ‡∏≥', '‡πÅ‡∏Ç‡πá‡∏á', '‡πÅ‡∏ñ‡∏°', '‡∏Å‡∏≤‡πÅ‡∏ü']",,2,-1
347,‡∏™‡∏±‡∏ç‡∏ç‡∏≤‡∏ì‡∏≠‡∏¥‡∏ô‡πÄ‡∏ï‡∏≠‡∏£‡πå‡πÄ‡∏ô‡πá‡∏ï‡∏Ñ‡∏£‡∏±‡∏ö,"['‡∏™‡∏±‡∏ç‡∏ç‡∏≤‡∏ì', '‡∏≠‡∏¥‡∏ô‡πÄ‡∏ï‡∏≠‡∏£‡πå‡πÄ‡∏ô‡πá‡∏ï']",,11,-1
348,‡πÅ‡∏û‡∏á‡πÄ‡∏ß‡πà‡∏≠‡∏Å‡∏±‡∏ö‡∏£‡∏™‡∏ä‡∏≤‡∏î,"['‡πÅ‡∏û‡∏á', '‡∏£‡∏™‡∏ä‡∏≤‡∏î']",,10,-1
349,‡∏Å‡∏¥‡∏ô‡πÄ‡∏û‡∏£‡∏≤‡∏∞‡∏°‡∏µ‡∏™‡πà‡∏ß‡∏ô‡∏•‡∏î,"['‡∏Å‡∏¥‡∏ô', '‡∏•‡∏î']",,1,-1
